-- phpMyAdmin SQL Dump
-- version 5.2.1
-- https://www.phpmyadmin.net/
--
-- Servidor: 127.0.0.1
-- Tiempo de generación: 13-05-2023 a las 00:57:01
-- Versión del servidor: 10.4.28-MariaDB
-- Versión de PHP: 8.2.4

SET SQL_MODE = "NO_AUTO_VALUE_ON_ZERO";
START TRANSACTION;
SET time_zone = "+00:00";


/*!40101 SET @OLD_CHARACTER_SET_CLIENT=@@CHARACTER_SET_CLIENT */;
/*!40101 SET @OLD_CHARACTER_SET_RESULTS=@@CHARACTER_SET_RESULTS */;
/*!40101 SET @OLD_COLLATION_CONNECTION=@@COLLATION_CONNECTION */;
/*!40101 SET NAMES utf8mb4 */;

--
-- Base de datos: `lines`
--

-- --------------------------------------------------------

--
-- Estructura de tabla para la tabla `cargo`
--

CREATE TABLE `cargo` (
  `idCargo` int(11) NOT NULL,
  `descripcion` varchar(45) NOT NULL
) ENGINE=InnoDB DEFAULT CHARSET=utf8mb4 COLLATE=utf8mb4_general_ci;

--
-- Volcado de datos para la tabla `cargo`
--

INSERT INTO `cargo` (`idCargo`, `descripcion`) VALUES
(0, 'Policía'),
(1, 'Administrativo'),
(2, 'Gerente'),
(3, 'Otros');

-- --------------------------------------------------------

--
-- Estructura de tabla para la tabla `chats`
--

CREATE TABLE `chats` (
  `idchats` int(11) NOT NULL,
  `creacion` datetime NOT NULL,
  `imagen_correo` longtext DEFAULT NULL
) ENGINE=InnoDB DEFAULT CHARSET=utf8mb4 COLLATE=utf8mb4_general_ci;

--
-- Volcado de datos para la tabla `chats`
--

INSERT INTO `chats` (`idchats`, `creacion`, `imagen_correo`) VALUES
(1, '2023-05-11 21:59:36', NULL),
(2, '2023-05-11 21:59:36', NULL);

-- --------------------------------------------------------

--
-- Estructura de tabla para la tabla `chats_has_personas`
--

CREATE TABLE `chats_has_personas` (
  `chats_idchats` int(11) NOT NULL,
  `personas_numero_telefono` varchar(45) NOT NULL
) ENGINE=InnoDB DEFAULT CHARSET=utf8mb4 COLLATE=utf8mb4_general_ci;

--
-- Volcado de datos para la tabla `chats_has_personas`
--

INSERT INTO `chats_has_personas` (`chats_idchats`, `personas_numero_telefono`) VALUES
(1, '310788583'),
(1, '31783942');

-- --------------------------------------------------------

--
-- Estructura de tabla para la tabla `mensajes`
--

CREATE TABLE `mensajes` (
  `idmensajes` int(11) NOT NULL,
  `descripcion` varchar(500) NOT NULL,
  `hora` datetime NOT NULL,
  `chats_idchats` int(11) NOT NULL,
  `personas_numero_telefono` varchar(45) NOT NULL
) ENGINE=InnoDB DEFAULT CHARSET=utf8mb4 COLLATE=utf8mb4_general_ci;

--
-- Volcado de datos para la tabla `mensajes`
--

INSERT INTO `mensajes` (`idmensajes`, `descripcion`, `hora`, `chats_idchats`, `personas_numero_telefono`) VALUES
(1, 'Hola, ¿cómo estás?', '2023-05-11 22:02:39', 1, '310788583'),
(2, 'Bien, gracias. ¿Y tú?', '2023-05-11 22:02:39', 1, '31783942'),
(3, '¿Has terminado el informe?', '2023-05-11 22:02:39', 1, '310788583'),
(4, 'Sí, lo finalicé esta mañana.', '2023-05-11 22:02:39', 1, '31783942'),
(5, 'Perfecto. Nos vemos en la reunión.', '2023-05-11 22:02:39', 1, '310788583'),
(6, 'Claro, hasta luego.', '2023-05-11 22:02:39', 1, '31783942'),
(7, 'Recuerda traer los documentos.', '2023-05-11 22:02:39', 1, '310788583'),
(8, 'No te preocupes, ya los tengo.', '2023-05-11 22:02:39', 1, '31783942'),
(9, 'Gracias por avisar.', '2023-05-11 22:02:39', 1, '310788583'),
(10, 'De nada. Estoy aquí para ayudar.', '2023-05-11 22:02:39', 1, '31783942');

-- --------------------------------------------------------

--
-- Estructura de tabla para la tabla `personas`
--

CREATE TABLE `personas` (
  `numero_telefono` varchar(45) NOT NULL,
  `nombre` varchar(45) NOT NULL,
  `correo` varchar(45) NOT NULL,
  `contrasena` varchar(255) NOT NULL,
  `imagen` longtext NOT NULL,
  `Cargo_idCargo` int(11) NOT NULL
) ENGINE=InnoDB DEFAULT CHARSET=utf8mb4 COLLATE=utf8mb4_general_ci;

--
-- Volcado de datos para la tabla `personas`
--

INSERT INTO `personas` (`numero_telefono`, `nombre`, `correo`, `contrasena`, `imagen`, `Cargo_idCargo`) VALUES
('310788583', 'Yiyu', 'Yiyu@hotmail.com', '$2b$10$5LgPMMM4sYgY7aWALSWEsuhabG4uaOhhI7IZAXixrMmkwXCm132YS', '/9j/4QJjRXhpZgAATU0AKgAAAAgACAEQAAIAAAAaAAAAbgEAAAQAAAABAAADwAEBAAQAAAABAAAFAAEyAAIAAAAUAAAAiAESAAMAAAABAAEAAIdpAAQAAAABAAAApIglAAQAAAABAAABugEPAAIAAAAIAAAAnAAAAABBbmRyb2lkIFNESyBidWlsdCBmb3IgeDg2ADIwMjM6MDU6MTEgMTk6MDA6MzQAdW5rbm93bgAAEIKdAAUAAAABAAABaoKaAAUAAAABAAABcpKSAAIAAAAEMDQ0AJKRAAIAAAAEMDQ0AJKQAAIAAAAEMDQ0AJIKAAUAAAABAAABepIJAAMAAAABAAAAAIgnAAMAAAABAGQAAJAEAAIAAAAUAAABgpADAAIAAAAUAAABlqADAAQAAAABAAAFAKQDAAMAAAABAAAAAKACAAQAAAABAAADwJICAAUAAAABAAABqpIBAAoAAAABAAABspAAAAcAAAAEMDIyMAAAAAAAAAEYAAAAZACYloA7msoAAAATiAAAA+gyMDIzOjA1OjExIDE5OjAwOjM0ADIwMjM6MDU6MTEgMTk6MDA6MzQAAAABKQAAAGQAABnzAAAD6AAGAAEAAgAAAAJOAAAAAAIACgAAAAMAAAIIAAMAAgAAAAJXAAAAAAQACgAAAAMAAAIgAAcABQAAAAMAAAI4AB0AAgAAAAsAAAJQAAAAAAAAACUAAAABAAAAGQAAAAEAAAmAAAAAZAAAAHoAAAABAAAABQAAAAEAAADfAAAAZAAAABMAAAABAAAAAAAAAAEAAAAUAAAAATIwMjM6MDU6MTEA/+AAEEpGSUYAAQEAAAEAAQAA/+ICKElDQ19QUk9GSUxFAAEBAAACGAAAAAACEAAAbW50clJHQiBYWVogAAAAAAAAAAAAAAAAYWNzcAAAAAAAAAAAAAAAAAAAAAAAAAAAAAAAAAAAAAEAAPbWAAEAAAAA0y0AAAAAAAAAAAAAAAAAAAAAAAAAAAAAAAAAAAAAAAAAAAAAAAA', 0);
INSERT INTO `personas` (`numero_telefono`, `nombre`, `correo`, `contrasena`, `imagen`, `Cargo_idCargo`) VALUES
('31783942', 'Luli', 'Luli@hotmail.com', '$2b$10$p2BMWSy2Jto1ymU7P4KybezSj1ou0G5b1e1S4NK2ihdKoEqm8zfCm', 'data:image/jpeg;base64,/9j/2wBDAAQDAwQDAwQEAwQFBAQFBgoHBgYGBg0JCggKDw0QEA8NDw4RExgUERIXEg4PFRwVFxkZGxsbEBQdHx0aHxgaGxr/2wBDAQQFBQYFBgwHBwwaEQ8RGhoaGhoaGhoaGhoaGhoaGhoaGhoaGhoaGhoaGhoaGhoaGhoaGhoaGhoaGhoaGhoaGhr/wAARCAOJAoADASIAAhEBAxEB/8QAHQAAAgIDAQEBAAAAAAAAAAAAAAECAwQFBgcICf/EAEsQAAEDAwMCBQIEBAQFAwIADwEAAgMEESEFEjEGQQcTIlFhcYEUMpGhFSNCsQhSwdEkM2Jy4Rbw8TRDghdTGJKiJSY1RHODhJPS/8QAGwEBAQADAQEBAAAAAAAAAAAAAAECAwQFBgf/xAA1EQEAAgICAgEDAgQEBgIDAAAAAQIDEQQhEjFBEyJRBTJhcYGhFJGx8AYjM0LB0VLxgqLh/9oADAMBAAIRAxEAPwDyUE3xlTa4Ac3uOyxhIeBjPKsjtdem42U03ALvZO9xZxFlVc3scX5UgcgkAIdrLi5sptbgXyPZU3ybC6sBAzcpAsA5spWvfgXVbHc2OQpNyTfj5ROkwT6gMlDj9bhIuzYd+UnO72+qp0drgkWSDSbEILt30QOMHAVNJhtgbkXCbhkWvlQxi/6puv6QORwEDeSSL24yncj4USbe6mCLWIKp0g29j+6ADmzcfVF83ta6YJsbY+qHRnAHygEjkIzbuT2KZ2gjaeURHghQLuMWP91aRa57KBsePvhNLsrWAueQouOcgfZO4JNuyi4+4A+ih0kHWNv3VYO65Nx3U2louO5VeQfknlYodhcKZJ22H3Kjkj4Rc2zghUAA/X9kPuRzc3sle7rN5spc4cbD2ReiGSXfFlMWtk2ChcchS/Kz6oahI/qqJCRfd+XsrSSDgWKrfxnlTtdQWDY/CkALZvg8fCiCdwPN/ZTtY/XsqiTWNb6r3+FHbzZQyCCR3Ui4Hi/1CCwt2tscO5AUfk4UW/Kla1ie/ChtFzTyL/ohuRk/BTOCRwlt5OSmjsvVfj0j4Ujjv9EOcQQL2sMoOD8IdpF5aLHKZGTwFDBABTP5784VOxfbkm6gTz7puLRYHAKjyLBF7ReN3CbcEAG/1TAuCThDrG1+fhE7SdYg/sk3J2gXHdQcbDB+yGvGfqmzW03H1A8i6s5GAfuoDIGPkKbSL5weyJ0RN+SoknkZ+ikBzm4ultHPFvhF6F78ZsoE5tYAfHZS3C/sLKtx5IOSnYmPognt2KYIPfKAMi10TYzg2TJcDwEC3BN0AuJIv8qdrtXn+oG/1URe1wL2VrgMk5Ha6hz+U2+bqiIDnEDbypDOLWQTnI+6BcElo7fooHzxwi4GDg/RRHHOUXuCqBwvjCja4Av9lL6YCiLm5JACLuS/L/smDcFBt9cpB3B7BEmJStfJ5H7ow43QSALg4GOU7g2woqLgQ23twVEWINxxhScLnP8AdR2nkm2MIm42eLCzRhWtdbBFyqQSbWyVaBc5Cq9mci6jbaDf9E9nGUnNs3JsmhrQbC9897qbXXPsscSEG98WVm8B3YLFe2UHG2FNrv1WM11zYFXROs0dz3uqna8X4zZSDiAATj2Kpa+57Jg4vfKqL2WtcEDPKmxwIJGQVUwnbkgqe4utwPphDpMHPJBCeB83Uc8hLcbm3BVg6O4AIGTZL02BzwkLh1+FOxGTwTyh0bD+b9lNtzYEhDXjJIv7IADRxnshuErEA/um0HNzYWVZcbm/7eykDiwv91TZ4Js7I+VG9ycWbZI89vukSd1+3t7JBMp5tc5+QggOs4/mv2RY2uHC3JRtbtI3C4QMDBufooGwGT+idwDYmyicOvuA90XsYaLgXxhIXBN/sm0i173UX2c67Dx2WMnYeLEnHHKiBdpJyg8ZOLKLQNuTlSDtLJbi5Av9kYAwf2UmucwWaSLix+UnEbQO4VTsNIFz2PsjI5z8pFu2264+6eD6jz73UUzYXta1lNjgWZyVXex7Z4uhp+PqVUSJG0k4Vb3A2t9Fa43GM4wqhE5zrMa4+9gioi1zxeykL2y4fqtdJq9DE+ojhnNdNTxGWWKjAkdG24F3G4AyQOSsF2tVVVJDFp1FJ58z2xQwtb500sjjZrGtAySTawWm+WlPctlcd7+obx7wwEuIa24uSbBPexo9TgfoVh9UdYR+Fj5NGomUev8AXzLjUq2oa2oodGcW2NLBF+SacA+uV1w0+loxdeZx+IPUViDqGR3FPHf9bKRmj8M4w2eth178fQcqTvRGC9rgLYJaQvHJutOoZhZ2sVjbf5HBn9gqIeq9epzui1mucebPnLh+huE+rH4X6Fnsu9js8+2VJpHc8ryyj8R9bYQKt9NWBp4mpmi4/wC5tiuiovEfTJrDU6KejJ5fTnzW/obH91YyRLGcN4dmBzuODlRJB78FYdDrOm6qxrdMrop3ubfYXbX/AHaVmuDo7b2lt8ZHK2xMT6aZiY9kT6SWpm1zYYt2KRAFik0AA3ItbCqI3I790uDccoA7ki/dSOfy2Q0YwThAN8pNNgbpk3aR+oROkeWj2SsBuzYH4UhkAO4GUnC/6IvSeLN2uuLe3Cm1mASMlVMPpNsK1os0IdHstcE29lDcTZp4CmSQTb1IecfNkNwrf8YFsqBvwDb3U8OBHACi6472z2RYk2Bt73yEXNxuFgPZD24BHHc2UTkYJzgoLXfWxOUm8gC33UQ3BvkBIEn/AMIdpl2MixyqwNpxa5Pb3TAvc/ZIHbe5AQ7BBsd36J7uCDYpONrWvdANzcZQBNsgWSD++3n2Rj+nNyo2t+b3RJkzbAtx29lPFhjHsogbc+6QJv7IdokA4vZIAbiOflTcM2GR2R7cIT0RxzkKYbfN7BK+bXumBa/+6xXqUTfNslEYuDew+E5Btw26A7aOCT7oblENAJIGPhTve9+Ug7Ngk0gEX7pBqZWtII/0ScRt9r+6puT+XAHykclZGoahu0lXhwaeBb6LEaebGwKuDsLBdSyA9oPurY34x9Fi3srGux/sqaZLSL5FlaMgEZssUOtn9lfu9Itj6LJF7Ti9sqQfe1lVGSG82JVjTm5yETa7/bN1Ju0NVbHEm3N8p3IuCi7hKwLbHBKdrtDcfOVXz3QTaw+VdnUrAy983F1OwFgcqrc4WtZTDjb2+qqdQkIwODj3vwkQAcG+MKF7fJ7qXax5Q2e0EWd/dDRcccYUdxu7v7IG69wiTKzgD4S2tvc4QD6Tc3+UD/l3BCioFoLsC90bP0QNzXdkGxJueUldyjtJ3cA2wogbQD3N8KTj7CyW3a837YUREtbfCbALe6MWHuhhzzxlBJwFx6ST+1kbcH90G5PPdJ9xa33VOyLQc7rlByyxFxdIi5TBI+ih2C0WBv8AYKYbcgRXJPYZusOvrabS6V9XqU7aanBtudkuPs0ck/AXmPUXXdXrQfBpwfQUH5SA60k3y4jgfA/da73irOlLXl22uda6VorjAw/xOsbjyYHehp/6pOPsLrz/AFXq/VdZJE9R5MBNmwQ3YwXPfu76lc6Lj0xj9OF0XSmlxVOow1FaPMpqWohL4gNzpnl48uJjeXvcRhoBxcnF1yXyTrcu6mKtXZ0vR/8AB4oI3sY6qfGySV4sbF2QP0XW0s8vQHRWtda07nQ6697NF6fkcw/yKmoaXTVDR/mZTtO13Z0jSFk6n+NnqpK7V6mj6a1Kur5qehoI6kTfgZI7XZURMy4EENu70NvjIJHHeIfWVd1Z0P0rp9TSMoZ+nK3UG6rC2TP4mTy2MdsJJ2iOMC/e5Nl4XHz/AFcm5l6OSkRSIrDyjYIQGxg7R78/W/ugNuQRe6myZkxtG8PxfANv1tZRLo5B/Kka4+7Xgr2oc2tLBkZUNlwbcqwYwUs5AxhZJpJkZcL9xhXR0e+LcJAHg22/+VjBxaLjnheg9G9Y9JM0Z/TfiX0m3U9JkqPPp9c0YtptY05x5LXkbaiP2jfxc+wsYzOnBOY9jiHcg8gcFbzTur9X04NY2obUQ/8A5Gcbhb4PIXfV/hVp2kO0vW262/rDw31eX8ND1FocOypo5iLlk9I6+2ZosfKJG9pu3OFutZ/w50v8MZqPRviFpWsRTuvRs1SmOnxVTb2/l1Qc6Lfew2P2kG4NiFrtmrj9zpIiL/DmdI6106vYyOtP8Pm7mQ3jP0PP6rp9gMYcHNexww9jgQR9QvI+pOk9d6KrmUfVmk1Wj1D7mH8Qz+XMA4gujlF2SC4OWkq3ROqKvRTtaDNTE+uMnv7hdOPPFvbnvxv/AIvVGsF+6lb37rB0jVafXKZ01G71M/NHf1D/AMLPaCR/rddO4n05JjXUpBh3E2+eUPtfjnAKLnjA97JOt2/RZMOg1ovkkCyHem5QCCDnHdAwLjKbZRpJgtyOeybPSL5CjusABe/dFyAACfvlTezqEwO/ZI3PpHb3SByMYTJsbj6ZVNo4A4yoix/2See/fspAX/N7dkTZFodbJA9kwBg5CDjgElS2EBpwLou5QLeM3N+bJg7bd1IfCiGkH2TR2Tu4yTyVED0nccjtZWWFlE4aLi9lERBFkW4sblMAG5Jsgn2/VVdk0bjfhGTu+PhIAHnJ9kWO7B5CGyPu1Rbfdf7qdjgY+qQLSODdRARcA378d0wLZJ7cp2A7ZUXDFsqRK6/JPIJ5/ZSa4FuTZVnsB97oJNgO4V7TqE3vybG9lWZC236qfAGcFRIsTcfRJOy8xzxfjP3TGUA4zwguPp2491F1KQBuC7KRNsjujcW3vglRdI1wA4F1TUQ0bcZ7KxrrH7KkAi1wrCbkAcFYrpeHfqVYx9iQOPlYzb/7Kxrs4HCE6ZIsfdXMIcPayxgdxJOArWvJwOFknTMbbhWMItjusZl78nj2VzTwUNrAQDbJHspXuDjHZVDJ75+VKxsA0XVNps9jk/RSBLWnHdUi4IHHupgm9u11Ta1uck8dlL1WsRlQaLn1HKngEWUNmW/1ceyTjcXKVjfJ5+UOx7lVjuUibWta6V+Bb6hQJJIRnBJv2OFTtK/pwmDcG3sotaTyMD3QL7sfspCpB3v7IueO6RB+iYuTn9kTtXJYcd0biQFJzfhBNgAMFTULqUXcWPKiLFwv2Kkbg+pIXGcBDtInnk3KRdztwUgfYJkgNdus1oyScBE0WbXJHysWsrDDVU+n0FFV6zrVXij0qhhdLU1BschjQSG2BJd7A2XXaD0tBqPTdf1N1VqY6S6TpZGx/wAaqWgiRwN3xxQn1yyFt9gZfIJOF591P42w6VT6hoXghp9R0do1STHWa3LJu1rVmAggy1H5oWXGGMIxg+y5bZ4n9ropin5cH4j6Zruj9X1uk9W1NDJqdAGNnp6CqE8VI9zbug3D0iRh9LwL2cLXK5gXlkjhhG6SRwaxjeXk8Bo7n4ChvaNsbSG97Xyfn378redMdXaj0ZXzVmiM09880BgeK/TYa1gaSDdrZWkNdcfmFjyFz727IjUNvo/Run/xN2n9Y9Qw9IVUUwY+GqpJJHyiwPokH8kYP9TxY8r0rROpdB8KnTs0PStT0nqUUskdBquv6lD/AMJJKQHVUEDIy0PMYDd282Bweb6DRvF2h1Snlous+mtNqG1D2tdNQQspYntNw4Sw2IBs5xD47WNrtNl0VLFrfTnT/XGn9P6jFUaH0/8Aw6u0mSoooqyempat5PlMkfHIImtN2uy27gPcheJy/rRP7tR/l/v+7orFZjWnDjp2StfHT6VqPT2oT1cJmYKfXqZsly4iz/Mcyz752k3sQV7BXdYa10fFT9L9SdCdP13UWogyN0Qwtmr/AMQ1n/189ULthDWNBawBzfL3XIGVxXR/UGqaz1VHp0jdP1QNiqK6aGp0Oll3CONxDy50PpbuaPV+XFln9Ha6zpzpLX/FLU9M0/8AimqVcMVDRR6e2KlfNb/h2Bou1rdzHVD2i24RgflcuPDi+pb8f5/LO05YjV9Os6pjZp2l6TXf4j+vdSq3ujbU6X0hoUETXABjmh8dOBsgYL3ZPJYuG6zb5XjfiR4jaR1rBp1B030Tp/StBQEl1S6b8XqFWbEN86fa30gOJ2AWuecBcbqmqV/UeqVmo6rVVWq6jXSmWsq5d0ktQ/3cR7cBvAFgFN3T+rU74mVOl11KZm7oTV0zqdsjSfzAvABbcc8L38ePHjjqNaaIrO0KfRtSrdL1LVaKgnqNN0yWnirqljQWU7py4RB5vcbixwBta9r2uL4NtwF22K936D0/pl9Vo3S+pGl1bpmjmZWdYVb6yaGiqqyVro6OnbND6ixj377uABe1wvbny7q7pNnTOo1VNRVkGo0FNXTafFWMlP8AxToQ3dMGO9TWu3DPG4OAJUpycd7+ET22eMx38OVflpHAVQ3AWWQWg9sqG0fRdTHTvPCTruXovqTya+Jmp9Ka6+Gg6j0iYF0NbSvkDd224tNGXb45AQ5pHNiQfXNL1ufww6o1bQtVe/XumWatWUdZE0tdJM2CodEKgbm7BOGtbcm4kGHXuLePeEukx6l13pU9ZTOqtN0Z38Wr4m8yRwEOZH9ZJfLYP+5d3qEj6mrkNTJ58rnOknlz/MmkcXzPz7vc79AvP5d4rqGzFj8pl6XqmluPTU9X0JWR9U9ESSuiqNNqqV01LFM1p/8A5eQ7qaRu4kRel3dhe0i3hfVPSWkT6xpLekqKs0ekr5hRugmldWCGrfbygHWD/LeQ4WIu083W51XqjXPDjU9C6i6SrX6dqdXRiPUoZG+ZT18QLtraiI+mRhZjORe4IIC9F0TUej/HaF9BpdDS9OdZysPndPVc14NRyNzqOd1t1rXEDyHtv6XWatGGlqx9TF6/C5La+2/+bwPWOj+qOhqyV2tadV6ZUU//ADXxX3Q9xvaMsH/cAF0vTfWkep7KXVSyGrOI6hvpin+o/pd+xXp7dS1Hoyem0LxBpq/X+maOYxMqhJI3VtGi3WeIpCN08DbndTyAluLYGeX8QvDDQfI03VumteotQo9WpJKtlfT0hp4GfzCGiWMEgAiwL2gBrhZzQVni/UJxX8c3X8fj/wC2u+CMsfxTe1zHWOHXsRZQ2mwvkH5XM6BrVZSV3/pvqiN1PqcItTSPIImb2bu4dj8rsgjC6fcXHjK+ipet6+VXkXp4TqQ0jdYXv3UucA4v7KOWm9s90zkHg4WbDpPkE25RYAXvdQa4BpviydwRg4Q2kx1/zf8Ayi1ueCk0G4CkQSSAAB2zyi9k7HfCWS4d/ooOvusAUAkHlDtIm1jkgKZJwcgc8ql5OTe1wpNN24OUNynvA459wmXWNgf1KrBAAUjY3u0XROwZNoN+bqIluCO3a6i4Zue6jewPYX91NmpOQkZab9kwcYvwoE349kADsSpC9wZfcg2wguvk/uEr3bYg8oGT/urB2lvLvj5GFIOAHwqr5yAO9lLcb3wqaSP0SwG+5UN5ceECTBuMFYprUkQLeybvf/VIuBFgFE/T9FO12kX5FrJ7uzlBwwEri4vhNL2ZI3Z7pDJ9TsBQJRu9Xwr0drCQcchRJAGBdR3WwFHzBawsU2TDTNcbWVgJJubAhQabC5UwMjuCpC6WNyMHhNriQQcXULnccAD6qbcXsqkwuHwMK5h74H2VDbK5h5F1U9MlpPvdWtNxYKqPk+qx/urGWuMkXQ2usBm4/RSY7bY83/RK1+9/ZO2ADZINybiCb2+yd7m4NuxwoBt8j9laGdye/CySZM4UhxcYSttOMJgHHfP6odpfTF1DfZo7H2Vl8ggWNvZGy4B4CCoG/OAnjFhcKQbn2+EwLWFj8oiNy7BuB9UA7QbnHdPbclMMFsjlOoXtEk47gIvi4+6kW2JIzm1k3cfVTZqVZJI+iB6jnjupWIF+FENb3PHa6GicDfPCRNsH7FSIu0kHNsJWaGvL3ABrS65Nh+vZSZiINbWU9M6Z8bYwAZSbF7w1pte/qOBwtn0fTaN1H1ZT0msyuq+ndNoarWtZlibaP8BSx7pWbXZcHl7GX9Njci+FRo/SGj1XSEfWvXfUTdP6BfVz7jSQOFVqbwQ1lJStLrmR5a4F1trWjdcXJFXT+tM1Ou8YdWh0yl0Knl8NtSZDp1KLRUkb56ZjIhbkgNG539Ttx7rzcmW+S2o6r/q7aY60rv5ePeIXibrvijrEWqdRzNjp4W7dN0uA7aTTYT+WOKPgG1ruPqJGSuVp6WorZmU1DEZaqU2jYATc/NlRcNIHtYfoF6j4V9Ly1Yn1uoqqbStPppWCevqi4CKMeohoaQdzzZo25wbLTmyxhxzeXTSNzp39P0n0/wCH46w6H1XUNB1rR+odEpKvT9efCBMZNhZI6GS4s2GqG50Js8tBvwV4NFodXI8MlNE14Hqca+HYD8uDjYE8X5Xu1DK3xM1Kk0it02hh6c0dokqHxwFj3NldaGBo/rqJpHERhxv+d7rhpWfqPVdZX63XaL0bWafoWmxac9usVdHQwsZJT0pEjtpDbvjg2tjiP5pHXPD142LnZZjunctta0nLGKJ7/wBP5vEoOh6x9EamDU9AqBse90UGpGaQMaLucQxjrNb3PAXtL9H1rStErJOp6TV//Sh0qi0uoibSS0b9X1BrnTQUsRlb5jnDc5rXMZb1ci913XUusdb6R05onTvSdNr+ta/rmnCtqdTpacSPgpa07hTB7QGlztu5xw1h/LgXXKdEs1PprxIotV8RZ9Wk13+GSVvTZ1XUPxpfOSYpZXlz32fGANrTY2O62F3cXHP6pyq8W0xWZ/j/AG9e3ZyeNPHrqLRO/wDL/Nma1F4iapoevdKdaUdboet1Ogx0/TOhabQOkom0L3h0nmTRtkklkjJ8rY621x3Xyt1B4ZRdY9F0Wj646t6e6b6VqaTVKqhp4oayu1N0sT4vLjaw3g2RwyFjZGucd7nEAWWF1zrld1NQ0WhP6k0TR59IrTrMGoavqEtEQZGua+nZUNx6rmUx3u7YLXuuR8KNdoPDfqaLXOjOsa7q/VN4ZU6V0r0vUTw1hkNgyaad0fcmzg24Ljb2W/8AV+Hk/SeXOGtotER147/v8R/Vw8evuuSY9+4ne/5T7/1b2lPSuk+EknWPQPQk/WflV1XQ19VNM4SUEQjBilkpouL3JD8WLRci6xuvfEDTKzXapnR2i9F9Q9JwxE6RqtbpT6yd/mMY5zJ3PkD4yJA8epoIx2K7TUajXJ+qJOt+gfB/qro3Wa6njMj6LqmnoIqomVw3y0+x2/LTcbe1yBgnmurdSOs1r63xR8An6O58wLtV6cqfwdfI54s1vDWyuJybA88ZXg+OTJEeUTv53Ma/p3H+jCL5otPX2/3cz0BqOmdQ9VaLpfXtP05pmix1JqBT02lw0cE1W2PbAJ5Ggl8e83IcSLge5XqvWP8Ah+0/xEqNaFBrjx1Y59JWVul0TmOZpdQYdtRKI3NDqqGUjfaEt2m20O4XnNJ4P6F12NT1Tw26rpqrRdOqmjUtB1jdT6np9OGAzEyygg7H7mh0rWtNrX4vZTdQapoNbL01030d1N1ZqPSU8VTDrGr6oyim01rnOEfkOjaHfh5IyDs3Obcbm3C38fLGOfp6jcd/if6zL2Jtx83Hj3Ex8x3v+fz/AJf/AH4DqGhVmjahUUGqxNjqYSQbAgOFyNwuARxwQCOCAVrZYmxB7n4YwXd8Ad16r4s1fU9fWnXPEc9OjqitqmRyw6aNsoayENMrw0lp3kC59x2GFznhj03R9Z+I/S+iawGnS6itM+oscbB1HTxuqJxf5jicPuvexW8qbl5kzEQ7rQtMHRXRlFproXQ67rHl6jqkjh6o4y28FMMcNY5r3A8PkPtiEVP+IkbECGB+HPPDG93H4Aytr1FqVbrFVDWaqCysqIvxlS0OBAlnPmm1sWDXRtHsGAdlVPqUfR/TNRrlRD5tXL/LoIXHE05H8sOHeNovK/32xt/qXi2m2fJ18uumsePbgPFWra/qCKhjdHangY97I3hxhLgA2NwAFnta1pI7F3vdZXh70ToviB0n1xp0Yki670unj1zQ5HTFkU9LTg/iacG4DZDuD92TgWIAK89eS4ufM90s0ji6SRxu57ybucfkkkrsfCDVzoPi10JqLHsDG65SwVW9twaad/kTsIPIcyVwI4svax44x08YcWSZt3L1Ho/xhp+oCOk/HmWWi1KItpqPq2Vh/EU7h+SKutmRlrBtQPU24JJa5xWdqcXUngdrNZGKRk2j1ThV1FLExs0O5w9NdSOtZx2tBczDZW3aQHD08d130w2rpdW04bqrWOmPObQ1Fg91bp0UhY6F5BduMbNro+4buaewGT4SeJWnO0tvh34oVL4ek6qS2h6xIbu6eqncXvn8O923c0mzTnHI4bY6cqk7jv5XvH/Juep+jOn9aoNaEWqino4GU2o9PVVPSPeH0UshBro3OfubA2UsbLCQXQm5vYELmNGr5qr8XSamYmazp0xp6+OOQPaXDAkY4Yc13YjB7YK6caHXdD9XVnQfVIi04z1Mken1YhY8adXzANie3zMCkqHtj3jgEA3AvfhOsa6qg1Om6qhp2UVU2STTdT00yMP4aeKzZKfa3hrXB3l8+mwztWPCyX4mT6dv2ymbHXLj8t7s6exxm6kCOMcKiirKfUaRlTSPa+MixANy13dp9iDgq3PYr6Z4/USkXbR6rWSv6eL2SIu22CQosBt7IbhJr3brg2PAVl7NuR72NlAMJde3HsrLHFyL2Q2rJJNx2USSXY4tyryDi5zbBUdgtjhTZO1F78AA9/lRO4C4BVrWlv37qJG7AHKu01IbezVN2XcX+6Gx7RnATFnHOOyx2alBwNhcXvnlQd8D9Vc5gvk8HCgWciye11KsluQ0H6phwYOb9k/LIB5RtG0K6O0Lk/A7qINrnk/Cm5pvYHF1BzfY391U7R3C/wBVNvqbcpBhte3Ck0cDgdkUvfNrBRFj7KwgG3bOQouYNwx+qmyKltsL3wkbAfHugjacYCi+2QsZEgeMg34uqye5x8IaLg5sVG9ySOESJknE4xfKkSdoULgH8ueyXIze6QsbBOfZLbjBv7pO+tyoXx7lPhlrbWbj9uFa03wbqkOzbkKQJNrFSBdvzlSaSTjhUlw7KxrsY75V2i9o9wfhXMPCpDuAFYDjP2sqbZcZt3urWm2Q6yx2ZAPAVzDnnHdVO2Uw4+fdMgX91AWH5Tb7qYsOMppNpizGgnjspMtbBvfkKDgMe6bHerPbhU3Kwu7nClfIHBKgTnnlSAucixRdytJBb6r+yAbCzbW7IIBbg5VYx/uqm5Tc4fU9iENcLWOEbex5CjYAcX+bqmzGAbG5UiL+ngHhQFzybpk3+D7LGRPkY9I+iViR+2U2iw5ScQSENIEc3S2m1rGxUjfgBSFycWNh3KGmO4WweB8rW6maGokhodd1B2laI+J9RrNVHbzGUTT6mRg4MshtGwe7geAVtgdxAFtxNhjgrTeGehUniR47aFp9eySbRKXWKdrmMDT58jSXBjgT+TZHK4kZAC581tVbccblsP8AEPM1/iR0DpM8B0yp0vRKb8TokLz+H0bzZHSRUrGEYkbB5fmOzudm/YYeinb0b4yVV9zmdHwRADFxJqMVzf8A/BGF591N1jL194o6j1ZUvdKdY111SzcLFsJfshZns2MNAXo1DTuh8KvHCtIu2DRdJozcY3y6kLD6/wAslefM6tDtiPsl5D0vT6QzqGCo6tkqabQaeQ+fPDB5g8yxMcZviziO/YL1fqHUI9V0tuqUtbRzdL6VP+F0/TdOhl2R7w59hu/M9+0Oc45u4DFrLzro3rNvTVdO2tov4hpNWS2sgaWNl2WIJjc8OaCRghzSCML2jpuootSioJfDLQJ6XqSr6nrqTp+glpI4oW1UlLT7amRzQY7QRF79gxuc11gLrzP1DDfLqY/3/wCv5urj5K4+7M6PX4ehNJ6b6OoKSo6n8RH1Op1PUGhaY5zWRV9REIaMS1G2x8mB72hsbvS8n2WSOgfFHRKMGR3QXhDSugYBGX08VR5DvS9r3zvLyWtaCQTm4suX6t8RqXwogq+hfBLUQaxm9nUvWsQDq7Uqom8kdPPa7ImuJBfy4jBsLu8G8tlRVvlljbUVEry58s38x73E5Jc65J+Vtrwcc937/wB/j010mYmZp1t9JarVaZ1BpEGkdff4jKfV6D8TC6aj0wFjWuD9jhFaAi3lWDbENBvfCq03TaDpnorrjQ5qOsqaXp/qOkm02snmfJVxVctPGButGYPI3ZewFjpGuIvhq8b0LT31WoadSFhmNTVwQeX5gZu3SNbbccDle5spaiSm8ZKyqdVU+jVHV1FQUgdVyxRzPgnAl2QgbJXNbGA5zjZuMXKx5OKuCm69Nta/Snf5Yut1dLrvhoKHSen5dI1rqHrSgorxaqJKOeta4HzWU0ri+NgZKIxe7AGtvZW+If8AiB6n6f6o6h6W6BodM6V0rQdQl0qGR1E2orD5DyLkuJib6i4t2MwCMnlUaxRu1ToLpOu0ihhOk6P4hyS1sro6YMkdNVRCJjI3vD6l4b+YYbtNjhtxwXXmiMp/Fnruhp4jTQxa7UytZIwN2NkIkALRwPXgdhYLZxd5p3fuf5fyXX1MmpY03ib4g6uTDUdddUvjdl0cWqvhY76tj2hbLTvEnxD6XrBUUvWetVJMYZJSatWyajSTx2t5csMxc0tIxixA4KwRpJFI6eCEDy2Oe597WIAOR9DwtRUVc9XFCyS4e0ENsA0n9V63jFYdM4McR3D37p/qQeJ5PVvhhFB0f4w9M0TX1uiOkcaDWdMZtEkUd3DdT4JMb7uabAOG1pXn/XfiJ1VU0eodVVf8U6e17WNRhpdPZHqL2TaVSU8biyNsga0yNcXy4JIINz6hdc50trkHS+q6L1DpdbHp3Umi1cdZTytlc/zWflkhIbcWewua69sFQ8VeuqXrrWGTaLpFRo+jUrp5YoKmZkksksrgXSPLbDDQ1jRmzRkkklcV8EfUiYhzWxfTn+EvNppnzVU9RUyPnqqiQyTTSuLnyPJuXOcckk9yvQvB2EHr5g9RmPTfUPkOH9L/AOFzC5+24fdebOcHPIuL3vZejeCut0ej+KvR02ruDNPm1A6dWOdIGtbBVxPpnl1z+UecCfgX7Lpn01TrT1yvpKWs6k1A1u12m0zTPUyMcXNbTRRNud1nYs0C5uLkD5XgXWXVU3VPUdXVee+ShhkfHQsLSwMiv+bb2LrAm+cAdgvZvHKsl0TSNRFQ8Razrs0FNPFJIZJ4WRR2q2OJYwgmVgGAWlptc2uvnWzjIXNbIXOOfSvM4WPW7T/JvvaJiGZFE2dpPcXJXTeFdMHeI3TdXMwuptHrW6vV+nc1sFLeYl3wXNY36uAWk0XQtW12oqINEoJauSnhNRO4vDGQRDl8jzhjb8X57XXsHTnSdP0fo9RFWvE1XXFjqmMAxul2HcxljlsDX5INnPcGmwFl2Z89cVe/aVp59Q24nlb1rpE00jpqiSphhqHNc6+6ZlpGi9yLOkcPa4wvnarYIJKumfeTy5pIX7u9nFpv9bL3ugfJV9SafLUyGV4rG1c8j7kkMPmOee/ZeDahP+Krq6qAc7zqqWXce+6Qn/VcHDn75bc0aiHvfSuqDxq8KJOna+L8b1z0Jp7zRXIEmtaFxLBe1zLALFowTZtgSXFaqifQdX6HXS6jWOpxVU1PpHUMhijjp6hzgRpmoX/M2TG2RxBBc11yC7PlPRnV+qeH/V+i9VdPO/8A2po9SKmBjr7ZRYtkhdbO2Rhcw2z6l7b1dpGiaJ1rQaloXp8NvEfTn/g5PIjm8inqZG+fCAbbX0lU6N4F7tBIvgrrz4913DhifCe236tZ5uk+HvUlSNld1BojtM1FrQHMkr9Ld+HdMHCwvJGGkYsQ1tuFzp99uQttLqtXU9HQdL9TU1ZR6rp/UL4JpqxzfMgqjAY3gtAuI37IXAgG7mOzlaKnq/xNLHLwZAC4AflPcfrddvDz/Vr4z7hxZqRWdpkFwLsZTAta+PhIOaLC2OVNu1xsCQvQc24O5xbNjcKwu3H1W/ThRxe2CRwkXWtm1liu1h22x2VXAN8FS+3Kg7dvF22V0nYNzc2CTPy3cMIJLube1lJmBZ1yptdSk3JIAuhzbk2RY8g4UCLG+UTUpPZ3d7KsAE4P2UnEuOThK4uCPZIlewRlAaLHgn2RcG9uQFFtzft3wh2g6zj2uEmt5vwPsh+D7fIUHbjYXzdZG5SDfTgc8JjJucBJoLRnlScG8dljMp2iTk3+yZFwCTlMEDjHyUD1AAnKxWIVEA3OblRIxwrODn7qLjnsqynSu1mnsT3UDcfRN/w7JUOAox9E43F7Z7qN/XjJtmyHHkHuotI+Ce3yixszk3PZQc61yOOykTflVPdZpGFksw1W+/CmCbhU3+oBVo+DlYQJ3x7K1vAHH0VNrEK2PlUXNs4cZUg7NiogXI/W6tYA085VYrGOP9KyWuIPqVFrO4J+Arm/ORZZL2vLsAKyN1j+yqYMXtb2Vo4tdTs7WB4JAtn6qQcAce2VXYWx7Js+nwsk7TJscD7qTXFrgCbE8KIZmxNiFZaxBvdDtZvNrkZsokXOBYoDvf8AZK/JOM9iqdp3cRfugtKRcHWPsixsSqTBDHb7J2IN75TxyLp7sm3dY9Qh/wBNieBe6V+OyGnBuUu/ZZQuoMZ5OFGwHHI9lIWAxykTa2TdYp0xa6rOm0FXXA5pad8zb4yBj9yFX/h/jkpNR0SWi80atXaV1LqFNI0C/nfgZI4dpGeGzHPc4Wm69qJIuk67ymPducwP29owbuJ+OB91n9DdTT9D9QdE68d9c3pyKmf5DCLyU5Y8TQi4AuWSyc4v3Xncm2ph28enlE6eFwvlipKeanP82KON7M2y0Aj9wvpXUGQDwV8cKrTZ211FqI6VqoKlsRha5kk73mzXG92yF7CPi68f8SOgJPDzq6q0SmkOo6TJG2t0TUGG7K7TpfVDK0kC9m+l1sBzSMr0DpTUYz/hc8UqOZjPPir9Do43H1Oa01ks4GeBZzuPcrRau7RZv/7XhZcGyWJwSQvduluvdE6L8L+o9f0HUYY/EHX4ItAo6KOpeZNOhMYZVV2wWDXOjjY1rwbgkfIPhToyXG7wc/5VkwgmzXSEAG9gMey2zG18dy2FJDHDSCNjdu1otngKqkYGSGRxsQb/AKHKnDA11t0j8A3wOysNHA2WznFzdzRfcO/H6q/1dcROuod34aGk1XxE6EoKiJlYyq6l0+nlp33a17DM3d6gRwPV9WjlfTMbdL0joGtq/FLVqPqjprVeq9R1DR+m4qx7JWH8ZLuicGj+Y65c4te5rWHde+V84+A8VG7xi6MdUVD44dOrptUka9he0spKeWY2twbMwvStRodTp/D7wvg6kbXUtZrDtQ16eOqhhjjlkqnh4MZZ6gXNLjZ5BtwLBebzckUr5eO2F5va0Q2vi/qWt1PgDo+rN6b0fpvp2t6i30VBSaRF6tPjlYacPLSC4uducQ0DfYcA5818a6qXSPFDqSRjYd2pxadWNjZE8F0T6KMtIaAduWn03NuF9HeOetaH4h/4VYzocsX4/p+ClFVSbD5tG5jNpa635GktsHcHsbrwLxl1Wrk1bo3U9JeyGOs6N0WobNAJIyTE2WMlu7NsC182t7rHizFbai29/wDqGdMl8t/KfbgNL0vrjXYGzaHpOpGKcWjkLWwRSBvNpJCAfoser6R1FhB6g1zRdOaxvmP8ytNS9jSedrAc3PF0Qxmulb+LraqYsLz6pbX3c/T6hbXSdBonTnayBpDfLZ5hLnlp7XPNivYiN/DrjH5/unbST6NolBA/8H1BqGu1zAA+KhovKja1x/zkkkW5t8JDp8+RNLJoAbTx1HlOqJ6lz3Rt2naNgdm5IN7Y4XpdDpDJ/IiayKBr2WtI3YWO7AhtyWm3stdX0Ujn7qlgjldGS+QsMZlYXGxduPuMcdln4Mv8PT8PNHUXk0YY+Cma7u+OMXv39XNrKgtZNSzUcrIm00oO4NhbutbFnWvg5Hyuj1N0EZfI8hjGi7vVgW734W56e8KuoOq4YKmGn/hNPVUrqmh/FU8j59QY38zoKdg3lgGfMdtZ8rRea0iZtOoaLxFPSHib4ov8R9P0Wu6hiqKbqOhjMNfWNqB+FrW7WjzhEf8AlSucxpcG+lxBPJUumvCWvr4qfUOsZ6rQ9PmY2SloY2j+JV0RuQ9jHemCLB/my27bWuXrejeHei+HkgqaXT49S1WKQFmqVkrKmYEbNzItt4IcOcQ9oe8FvIWBqUs1TJKZ5C1jiHSNDjtc6wBc65JcTYG5JznC8q3LxxGsPf8AH4YVx2n+EKoZqPRdPi03p2io6KjY5snlU95I/NaTaV73ZqJrG3mPG0f0NAK1c8hO+SWRz3uN3Oe65cfknlbam02etqKeCFr2vqJPLhAhdI97rgHZG31vI3AkAcG65vqjrnSOlJJ6TTqN9fqkY2OEjmu8t/cSOaS1gy5pay5cOS0rjrW+a3Xct0zXFHTXdY6u3pnQ6iBkgbrepsMQZbNPTG2657OceR2tY5Xjwa0xloGA3FzysrU9VrdWqvxOp1MlVNt2Nc8/lbztaOwF0tM0yt1nUqLTdHo56/Ua6dtPS00Ddz5ZHHDQP15wLZXsYMMYa9+3HfJNp217wWnHvgr27oGX/wBaeCfXHRtUfNrOlXs6q0WLl5pDeLUYx7NDHbw0f1OuvGaqldBLPTy7fMhkdHIA64Dmkg5+oK9E8A+ooumfGDo+etaJtM1GsOjajC921klNWt8h28/5Wucx3/4K6Z1potE627XSayXqdulww7XS9RUrKN0kMRllOp0kgsS55w572Nku04E/GSFq9O1So1qbV62su2pqNTqKnY45EMshMfYX4cOBwqKjSKrpKi646dlklkrujdYiqKJpnMbS2GV1LI5rDkue0UrrjNs8Lb1+kMoa6Svoy11FqVRJU07YYJBHBBUMZVRMErsP2ulnZbkbM8rg414w55rPy1ZKeWPcKQQXBt/SCr5vIY8Gk8wx7BuMmCX97fCp3Wv724T349XC+hed0YN79lID3yoAg3N7qY7LDSk11hnkFSdIb/a11D1bgcWHumLc97cJonZAi2Re6TXE/ATJH9OErWbk2yro0nuPHIKV/ZLH5TyfZQGCff5TaRErbXt8KJdbjhIsIN9yhbJ9V1Ol1KV7G97BD3WGLpBtx9FBzrX2qnazezf/ADY9+OL2Ve4HAwon1ZPKGjJPdE7WX4+PhR3X973TFr3Jsm7aSTa+EllpU5xBN8qDS5xHwmcm37qNj2KxTSdnAXJ78JkGx498qN8e4Vb3A98D2VXpB4AvbKiTgAe6HOve5yqw7n4RdgnOfsonHBwEsOvcgKsn9PlQky/BIVRfjuESPsDYKku7EfshpiX4Vw3ckem2CqWn2CvDyCA65t29lF6SKsbY+yrx2TBucrJF7QQFYwnnH3VbCODnKubb54VFzLEg8q9vqtYrHBsLHAWQxuL3t91EXNsG8qbVBoA5N7K0ZI7BZaTtLBII9N+yYJthQvfgKQFjk3/0Q7TBubO4VgcM4vZU5BH9Ss9gCqdpXv3AwgDnGQkbnFh9U8EHsVTtJp3ZHKluu23KraSHAWU7Y/ukJo2/XIUnDZwOVBre/A90y5xOLJJ0Bbjv7oLrDCLgn0g/cKLt1sghUSBuL3yhxG4EZwoAbiPb3SJsW35/S6xGq63kdT9CazJtNqupodO3jFt8jpXj7thH6FaHRnfiNG0yoBHrg2Osb2cw7T/p+q2viNVtb4fwUwZJeo6lhlBDPRaKklxu97yXt7ZXN+G0o1Gqm0KaeGm8wmpglncQ0OAs4HnFs2AJ5ObLyuZG4mY+HqcSYiHd0jtJ1/RW9KdZVDqHRHSvloK8NDjolW7/AO+zv+HebCeIYI/mCzm5811ml6k6Em6j6J1lztOdLV0r9YoA1r2TSQBzqeVryL7C2QuaWkBwcCb2C7cxO9bJG2c0kOaef/ff6FbbydL6w0mk6f6xmdSigp3RaLruXP0kXLvJnAzLREkk8ugvdvouBw8fNEdW9OvLj190Q8JkY0HAz3SZg2sFuup+l9V6R1up0bqOm/CahThrnNDw+OWNwuyaJ4xJG4Za4YP1Wm8uxXo9NUTvtsYGtLSCASQrxGwx4FjyLcLCpyWkAuWW6WKGN8szyyOMFzjbgKy3xPT2D/D3pDJdV6t1SZ7mU2kdP1FNIWRukP4jUHNpYRtbzh73WwTYe9x9S9Q+POjaJ1nrfTnWHS0nU+mUzYKaokomskpROxg37KaXi2624ON7Wti60ngFo8vhN4fun1/TzSVsjma91PLUNDfwxe3bp9GAR6nNaGPeLB0ZeM3K0/iV0nRdPf8Ap/rjpyomo9O6jea5tFWOLqmmncRISx+dwu7+q/7rxObmtS26/DGmr2+6dOxouqvAfq99bpWk0LtIrtZpzTT6ZN52nQ1zcubE9zDtbm5BFjf34Pzf1n01K7ofpueqloqaq6ZqKvpPUKV2tmrkZK2YvheLj0sc0GwBttAt7LaiZwhdrjXfh6nT6oVlHU+W0Hz4XiRr8i35h9F2+tafpWp6P1P1PX61JReE/iRqkcL2VVYIpdM1B8Y/4ya7SC0lltodghhva5Gjj5/v8tf5M5icVonb5mc2Iys/Df8ALsL8A3Wyo6oMc8Fp8x3HJDfiw+nKl1v0B1F4ZdRt0Tqyj2PlaX6fXweul1KLH82F/BwQS05bcXFloYp3RPI3uIFzcDkr6Wl4tG4ddckT27KHXhBSOiLG+c1odHscIwDuwXEC5P0XP631NUPgkdVSMAD/ADJJHMvwPc9li/iSGuMbQ8EWBfgj5wuq8KenousPEvp+h1h8TdHoPN1ev86RrGGGmAeyNznXAa+XymH2BJWVr6jZkyarMw7jwy8IXUtBQdSdY00UusVUYqtMoa6N0tJpNPdrm1NW1oINQ8PaY4ngxsa5rn3JDR31dqUhmqhp8lW11TK2aauqZiayreAQ2SV4w1wa4t2x2Za2FvdY1WbV5qup/GOrNT1KrdtilMBldGxpDYy9rWkPLt42klrmNiI4XnvVXX+hdG7TLPPW6wXb6ZlK220WY+OQNdYtc14c12+7SOAV8lmyX5mT8x8Q00jxjyt7bxtDU1raajo6cvdIQ2CJgtve9pLAAM+rabO4v3XHdSdXdI9D1UjazU5Nd1yB3/8ADdK8uR0D7Ajzp3B0MYHqY5o8x18gDt5Hr/il1Rr1LXUjtQ/hum17DHUUVG0NEjC8vLXSW32JNy1pDfhcZHZkYjjsyIcNaAAF6mHg6jeSd/wa75LT1HTu9f8AF/qTV2T02lzx9LabPG2Kan0l72zTtaNoE1W4+dJ6bCwLW2xtXnjmNa0NjYGtaMWWSYxhUyXDrDv3XpVpFY1ENelG25FxZe2eB2l0/TFM7r7WHVFPPLqcWi6E6EgSbXvY3UatlxfdFC8RsLT+aQ4wvOeiujazrrqKPSKGpjoYY4nVWpahKN0enUTCPNqHjva4DW8ucWtHK9g6srqWSg/AaFD+B0LR9N/CaZTNw5kTWl26TgGZzyXyG197nC5AC5uTl8Ka+ZY1p538XjXXenw6Z1z1hRUplNPBrdayHzm7ZPL852zeLCzttr4GVy5mmhgfNBI6KWFvmxvabOa9nraR92hejeOMLoPFfqIuaRJV/hq55LnOuZqaOS4LvUeeT89l51TOHmND7EXFwe62YZ8scSxv70+mfEWOXWvFabU4Ka0PX3Q8esxwU1P+JcZaqiBO1pNxaajDrj8oLj8LnNJ1H+K9BaB50zDNQUksEVo3Oe6GGpY8ZbgNa2rIu8flBzwFtYJ46vo7/Dh1BqNS1lRLDW6FLJJMYomNpq8MiEjx6mtEUrrkcBcT0lpjIdTnpY6ltdsoK+B38PncYy5kbiy8gAa4F0bbNzuwuDkREZYt+Guk7rNXQSANe5uQQbFRF72urKukqaCqmpNRgNNWQO2TxOIJY+wJaSCRcXVQsW2uvpKzMxt5U9TpIDNvsrLAEkcBUAkG25TAO3srKdpON/6fumHXGf7qtziAQncCxN+ENylfc4ZQBflRaL2vzdMm2LXymk7RcbHHCYNs2+EPFj9soaRYg8JB2lct4Ucl1j29k7/KL4ta3dSVO4Hayi/j/ZK+fhNxwD7dlDtAAjjk8fCTjYj3AyjJsUnON8D7qnaVxYWvc+6Rd2AtfCRf78JXv2+6L2iW7nHbYJbSDzbF0y8jBIFlE8nH7ouiIJ5OFXJi9zyrnlpHHCx3kE3FvoonStzhY2Cjcdwk4g3seVAk3PshsPcCC3m/dVvdbtdDjcYUDjlVlqZQccqLuDbJTeR75KrcbXuUY60xr2vbCubjPIVAANrK5p3AAeyxZLG82VgF+FWDckeysaMDuFUXNv2srG57/qqg7APdW+yyNr2fIweyyGG/x2WM3Jwr2DjJuFU7lmQxtc15e9rbC7Qf6vgKQHxcKlmMEGyuJzlE7MC/wEzccfeyLgkBpQQidog5NzdWWB+bKG2xPJ+FIX2/+8qnaYN88BMuvYnPwoi1iG4KYbZpuef2UO092bAcpNcc3OPogekWIyfdRGMg2/0WUSull7MSuQ71ceyYNiL5FlFw3O9h2TaahMkjg2CL3PGQo2za10bvSCD3z9FUBFrjIujys/3Szn37JuBAx+a2RdRem4m6Th6v8JOt4ZIr6lo7ptb0ycPIDJKaKIzREcEPp3SG3N2XHFl81xVUlNPBWUMroZontmglb+Zrhlrh8r6l6T6gj6MpNB6mrp4INNpOu6Kl1IzZaaOekkhm3DILQyRxII/pXzp1v0lP0J1h1D0tWh3m6LqM9G1zv/uRtcTG8fDoy0j4K868z5zt6GKetO60DrvTeohT0XUYkotT2Miir7hzZHZG1zQB6Ti18jsbLoa/S6rRqiL8TZrXEiCoiuY5CP8AKSBn3acrwK1gRyDixXbdH+IWodNPZS1zf4voTx5dRp1Q8kFl8ljuWuHYjheVn4nu2L/J6FM0x1L2dmiQeJvTrejp2iLV6aOSbpWqJFqWsOTQkkj/AIepOBdw8uYjaNpsPnTy3tLhNFJDKxxbJFK0tfG4GzmOByCCCCPcL6ApmCjk0zWelq50unVUrTp9e/a10Eo9QY8kENkY4NN88Arif8QFDT0XjD1LU6dSilodYbRa1C0PLmudWUzJZXNJ/pMxkPxdbOFlm9ZrPwwy1rW0THqXmu4jiy7rwdr+mdN8UelKzxCpxVdPRVhMrH5hbUEWp3zDvE2Qtc4fAuHC4PBggj5BVoibKx8bwCx4LXA+xXfMbhjrcafoHpVNWde+E2p9N9SahUwdV6L1EJusNRrv5TYnGoBc+ICwdE6AtdG0Dbta0YNl591d1DXeMHW+nUnSGnVOpafpsrabS9OgFiaSN+0SvJt5bX7blzrWBAyuC8LupZetdPoo6vU5I+tekdlQ3e91tY0mIgsL2NcPxE1FYytYcvYC03BNvrHpXp5vTb9e1FsN+kJ9MOvM/CM8uXWpn7nvfO8ZAALdsLbMDXi45C8TNjtfJFJr18zr8FL2xRMb3/BzHSPgH09Ry0+qeIdTR6699YwU9IJy3TIZnSENjb/VVS3ti224IstT48dVTdZeI2i+FHRNRQw1DqSam1WrkjjbHRUkjdlQGteCxpMZDGdy9wF8FczT+LlbW6l1D4sdcTwR6d0bQlnTejRyujp3VkzS0MFhZ7gwgEk3Dni1gBajqCebwK8Jq51ZNHL4pddVMkc0/nGYBxjDntD72fFSwybQQXXndf8AputlJx5YimOOv/LG1slpiLvIvGjq2Cs6k0bo7pisqn9J+H9MdO04VU7aiR9SSBM8yAWeGANhbyBsdblebzMeWiQlu/udwvf6KFJTQ0zo42MPlx2YGnm1uSfck3J+VmywiID+UAwEkZBLh7YXtY6eNdO2lPCumskeWxn1l2Rc3svYf8MTD/6t601X8W+jioumWwSSt8vdEJqprjIPM9BAEWWH87SQvJK6laRG+E7A7PpB4PZdF0N4p9X+F76w9F10FA6tN5HSUbJiXBpaHWdgkNJsDcZva6xzU+pSa71trvFtdPRPFbxhZo5dpPSdzUzU8QEs0bx5EHpdFujkc/1MIOzP5SL9gvnqesqKuolqKuaWomlcXvkkO5znHkkrOr3zVlZV6nrNU6eprJ3z1NVVSDdNK43c8nAuT7fRbPp3pLXert3/AKP6e1XX4g4tM9HSOfCwgXs6Y2jH3cubj8enGrqGE+U92c1d55F/urAHX+AOF6bpvglr9bLBBXaz0xpVRK4N/Ciql1Kp3n8rPLpGPAcbEAF3IXUReDnSunRsqa3U9b6kfGBI2Kfy9GhnBjL22a3zZ9pFhe7MkXtdW/IxU92hIifiHhDpQJGRAkyv/JExpc9/0aMld3oPhbXVNRFJ1ZLNodK4k/gqeIVGqTNDd3opyQ2MEf1ylotcgFeqUo0rpiN0XT1DT6VTlxDhQB1N5ouR653F1Q/c0j+ttiOCDZYpjq5aZobFHRUe1zx6RAyWxJNv6pTuY8gZs64Frriyc/UfZH9ZboxTPtSX0GkaQdF6doKfTNN8xkrqeCc1BnlbfbUVVQczygG7Wi0TNzrNvYjEOmVE2j1WoeX/AMBG6KB7/mXcG2+CWuFzyeL5WcaCioQJ9WmLIGWLxUx+Xu9QB8uLl3cjeWg8c2v2h0ynrfBZuuiMUlXqxq6iZ1VO5r3ij1CFsI24G8xySENtazvcLzZvfLu3v+LbuuLUR8vnzxrvJ1np1UWuY6q6Y0eVxdA6IuP4UNvkm4OzDhgjhecwO2vN+br07xiglfVdF6hN5pjrOl4aYF7CGh1HNJTWaSTuG1jSSLC5tZeYgbXktPde9x9fSjThvvynb2umqJGf4bunNYD3xP6b8Ra2GGRrA9zGupo6i4JwMt47lZNbU6hB4wVlP+M1Jm/qKeOJrGQ+eWVBdtszEW5wmHsM4ssPRpjUf4YOsaVxbal62o52gv2kumoXR2HueMJ685p1zSp5XQVG52h1zJxTvYDDUQQ7o3x3udrx2N3AmxyuXlV+6JhrxzqZiU9PlkqKKOSYudM8uMu43JfuIcT83CyBm42j5Woq9To9B6ibpDZi+CR9THJKGOZDBKaqQwxgOyCYxc34u2/C3VtjyHglw5/8r2ePeb4ocGWsVtJMYQDu7/upOaQB7JmU7bWtn2SLiQAePddDVsib2GBZAw4d0rG/Fu6Vzc9/oox2sIHfB/0Um2sTfBVdiPp2ypMB9+D3Q2iSL83+yj/UbZvwpbQDx9kW234+iHZDGMJ3ufUb3THqB/VRH5jgexV0nZE2dxayiXe32Vlr3AH1RsG0OP8A8JDLtFto2gutcqALnnaE9gzkEfKYFgc2J7qp2hI0s559lWSb3A7K57COfuqD3wVJIiQfUbm2BZGb3Ngj1XyfphSvuOeT2siq3O3cqFhyrSB91Rt9zhTZqFRzf4VJJPOFfJ6Mn7Kl5uEXqFTySM5VL3XPx7K6Q4sbmyocUNoEkC6rc45uFNxICrJv9FTSAtkFWgkff4VX2CuYbhRUwQLcfRW2tY3uFUBnAurGD7Ii5gFvdWN+eyraR+isHAsbErKBe27hjA7q5mLByqZe1vZXxgWA7K9ovH1x7KQwRbt7qG6wwrADYGwBRO0gGp3I/wBEjYC/fvZLFx3VO022JOCD7pkWyM5SapNA3Zd8gWQ7PnkIG3PY2Utox3cnGwuJQhG5xtwVLIF3Wso3sCDcfZSJuLH6KEghpDfnhBBaSDn6JA2sD2SBJ+FlDHpY25HG0d7qJB7H9kgQ5u7P6p3NrXuFToFp4BN0je/N8Jm4AsQCc5St2Of7KKytcpoa/wAIOqKSZrXtGv6bMR5uxzWOhlY4gf1e1u3K0/U+kSeN9NTa3ojWP8TKDToqbXNHvaTXoqdm1ldR3N5JhE0CSEWPpu0e/QUrmTdFeItL5jYnN0amq/XJsZtjqCHEutz6mgDuSAvPtb0SfQNbqNN1FgFRSOhnY6KUkt8yNssckcjbHLXghzSF43IyfSyzt6OCsXp08xe10cssLmuZNA8smie0tfG4EghzTkEEEWKmXXy2wHYr2ybq5nVTY4fEXTaLrNkTAyKor4zDqMZAxathLZXjtaUSLA//ABedHao97qGq13QA4kiM1MGoMaLXx5jYX9vcrXHJx/M6dXhePhoPDPrf+AVw0bWdkmgalUNMokcWimn/AKJhbJsf6eLm66//ABOUslJ4i6XDPG+ORvSOjB4lADtwhc3NsXxY29loajwUmqmSu0TqnS6ilAIc7VdOqqIkWJsXNbLGMNdkutjla3W/C3xAjqJ6us0+o6leGtjkqtP1AanIQwbQ224yWaABa2OMJSMU5JvSe5Yz5dRLh23zfKzIHA+1/dY80UlPUzU9RFLT1MDtssM0bo5I3dw5jgCD9Qotft/VdhE6bSk1Cs0fU6LU9Il/DahRTtnppgLlr2m/3B4I4IJBX6FeBHi1Q614dwsqRp+lUO+em0uavqWiL8SCXTUEl8MABbtuRuY4bR6V+dTZNzbEj6L6W/w1waDrvht4k6D1MyQUDda0uWpnY17nU3nxOjhna0YBjmY1xJwQCD2B5ORExXyjpbxFtPTqyPRuufFDp/p3pGkg0vTOj6pz59Oi1AS0Umozx+aKmIbC2R1J65JGuO0kxN/qz84eI3WLOu+rqrV6ejFFplMDpmiUv5TSafA9zWtLez3uDpHHJu617BfS/h30DN4adCalRVEjjrEVPUVRdDIJ2vjZPGZqpo9Oz8SQ1uRcRwgC6+U+r6Zmndf9ZUELWtgo+odRhjjHYCrkIHxYHj6LVw9eWmzFH3blhPZ6o/LAfHe73k2LQB8+9sD3VdMGyxtla124gkg9lsqaNgqZfLis6CQhnqJLrckk/PZbXp/RtU6p1+h6c6PpIptc1RxEYlJEdPG3L55iAS2JoGTzewFyV6szFY3Ltn1uXPzxyS1tLQ0NNPW6jVkR01DTQOlnqHnNo2NBJthel9M/4etQqpKYeIOqzaNPKCY+ntBhbqOsPs0ucJQP5VOdubEudyCBZfUvhT4I6N4bdP1NZJqEvmVMQOrdREGOr1H814YP6qenBsRs9T8G/BPVwwapHBPp/TcH/pHTNhEFJQ0rZtQmb6Wtmc04aDc3dI7d6fuvL5HLmvVflxzlm09eniOmeBekdIUhro+mdA6XnjYC2v6mmGs6lLYt9Qjf/JiuN2Q30kW4Kza+LS6qd4LdY6sfTueYjO9z2OMUnnkiCO0TXCPYNoGR2yu+6sp+lujWSv6srtOoNRqg8QRVjn6vXv3ENc0QizdrmA9jYvOVycGuyahO6o03p/U6uJ8W1s2vVH4Fg2yh8b/Ki9Ti0AM3YNmtBuvGyxyc06n+/wDv/wANuOa+4cjJBWQQw07JKWhjDSymjEwhY9rZLxm7RbYZJHta/Ia4OBtZaV9FBOx9TC6orIASGiOnLWk/maHu7Xa0tcL3G5paTwu+ptHdCwNnqo44Q/f5VHA1m3LiWtlcC4NO4kjucrU1GkadTgtpoZBE8FpZ+Ie4Pxb1AmxwLcKRxLVj776/k661tb1Dzqqqqal3toqWn2j0SRyziSeQXI27Yw51y10kbrEE2Y7Dgtdu1moqGQmmZQSgm34u9O4gkElwF5CSc/mHJ9yvTWPLXbxBT0srQQHRRBmPqP7rV6w2lkjcKiaGd7fVZw8x/GLFba48VfUb/msY5324vQtBp4avfqhFbqLHmz3H0gcelvb+69ZdUmTwa0iC8cj5dE6ic4F1j/8AVNDS0Ws4gM4+OV5/DaWRgiO4tyXGMtI+5Xc6lsh8PdEoJA9tuiausLTEHxiSeUyxk/1B2b3tYXyts2muOzTya1nxh83eMdJGzozwtqhGGyzM12CR4hc0u8uuBA3Xs6weOALXzdeNwgGQjtfle0eM8LWdB+Fcp2bpp+onkiNzXWFWxtnE+l2W4LeOCvGYxYXOBfC9Lif9KHFk/fL2joyFzvATxBaxxiE3VuhxGQWyCx1xn69vda3XakO0zpuogc1j/wD09oziYnvu18TGAG7uD6AcYHZdD0xLHB/hxc3YwyV/iS4v3EXdHTUMdsd7OcTj4XOa5M+t6f6UBk3mPp3T6cXnbLYiPcBcAbfzD0nI4Wnl9zDTT90sLr+g80dRajK6LdP1fVeW1lUKjdE5l2u8wGz282cBYklZHSXUH8Up/wAHVkurqZgsbW82Mdx7kd/1U+sa3+J6Hq9XHUTzNOo0s72TUMcDmyFgY4nbwDwNvpPsCvPIK6XT6iKtpH+XPTP3sdY/cH4IuPutn6fkt4ztnmpF69PZmt5cOAmwquGoZVwRzwYimY2SMX4DgCFMWsCM2wvch5M/g7XdY90h6fyj9EwbY7+ybTYcj7ppiGi4va+bqTWj8p9+EcgZUQSCcj7JpDc21x7c/RRsDuPPspWJFyeVEOIJBd9k0vYB/ZRII+QrBmwPbhIi7juQ1KrNs2JUgRgO+iBzj7JAdzyh2CLX/so2znhTyef/AISIwDfvlU1KBwTyR3JUHN9+FYQDfuEgAb24UXUqnMta2bcpgWANs9k3Czja1kOB97KmlL2+/wC6pJJ4OQr3Z74VDm2PpWJpW8Yvz8qhxObD4ushwNrW+qoeMm/2VSWO42NgVU43IVrm2J7Kl7c5UXtFxBPx7lVuJ7Kwgkgc/wCqg4Wv+xQRbnJCubyPb2VLT8lWMwccpC9LRji/3VjeVUDe/ZWMOURexuMiyu27ct+6pa8AWPdXtIz3PysoRNlxnN1kMcO+CqWu9/2Vzdp5yr7IlaALYVzLY9lS0C1hyrscE4Qkwc5FlIWLj9MFRab29lLi/CqdkHW4+6tYci4uoCwwmw24uoaWu4BA9Xcovtb6QbpE35NyPZK4Lsm3KyTREnkFTFsEG5PZR2X4OPgI25wce/8AokQdJAWI4Huk51xgY7oyQLcpD81jyUTpINFhY3CDhL1NFjx2IRu+b4yCqdDd7iyRuFHcd3wkXWtfjtZTS9Oj6O2un6rpJJWRR6j0ZqkR3G24xuhlAHzgrA8T6apruiPB/rSjhMxrdB/gmqudIxt5aUXp/wAuN7o3OP8A2gX4V/RNT5HXvTRdcNmOoUh9QaD5lDKQLkW5jGO5W40Sihqv8PPVmmVsTnVXTlfDWUwMOxsUlPUvp5X+YLh7/Llj327OF/deRyv+rr8w78H7dvHKHWdJfJtqR+HkOXRzt2H634/ddjp502pa1lDVU7piDtbJUhmewzcW+bjlc02mpzqI/ERl8AI9O0Euv8f6L0iLR9Bnexz9LpnsMDYpCYtjg7O7IyD2+QvIvgpPcTp7NNhukNLJXU8VbJG1riHxUglBaGvcSdjzja0E/DvjN0b3w1NM6i1WN9XHMdsFcx9O/eJAbNEl2n1Al1yB6e5Wazo/QTGHQ/jKKVrWgPpqx8eG3sCOLZ+/e61fUh1rQtNiNH1JS6vp1OyRoo9XbHHMA57pCBNb1nc9xFxyVzWwW+LbbO4bCtotG6xbHQddaOa2pEbDBJUSPpqqNrmNDCypPqYHXLy5+9hFgG2yvFvEXwxrug5vxdNJNrHTE8jWUupmHynsc4XbFUR58qQi+0/klaNzCcgez9Ja1pPX1JJTNmioqilDRHISQ6jG1oJey5Mo2RbWNbgueeDZdNpvl6pR6j011Rpbqx7mCCv0uQ7HVcBLXujwC904DWOp7EFr7gW3FbOPyr4beN/TRkxxaNxHb47YdtgMXXvf+GieGsi8V+nr1X4/UOl49RpGQSFokfRyl1rXAc6722v23LyTrvpWTorq7UtDfL+Jgp3iaiqRe1TSSeqGS5A9W0hrhy17XA5C9K/wpNpajxu06h1KFtTDqOi6pTGMsc/cDBuIAbk+lpFh9sr28urY5lxbfVfhCdO6p6b6rjm81+rajokgYHjzg5r2EmzXfmdcNwfZfJPWNM+LxQ6sir3zUv4yqbVPaWNa7dNTQykj2uT919M/4cfLlqdPpqiM7pKCWEgvdFjYQQ5wy38v1Xzh4qspqfruJ8D4msq+n9JqC6MlwDhAYyQ45v8Ay8lcHAyd+OnXMay7aaWnp6Ojlkl2ljDvkn2bAMEk5z2OV9k/4Y/Cum0Dot2s6/EyLVOoII6zWXyvG+Gmc0ugofdjdjmyv4JLwDccfMfhp0LR9c+IXTui6lFIdNmqXahq8kjwY2UVOPNLXcENc4NaXX/r4X6Mac4ahQUlTVBzW1QdqE8V2Pu0j0MNuQAW2PfYvTyW3Pi18m/qqE0VVqNWKmRv4d0VzD5zRajjsQZOCDIRkA/lHPz85eIfjjXaxqNd034OVEenaY17mal1IRvknl4d+Hvh1u8hxf8ALwt//iU8R63SNE0/ofR3Pp9U6ipzU6lVMb5boaQktc1vs97vRfsAft4IK0aNpzKSiiic4MDYowLBvbtwF5eWYp1HteNg+p91vTdUU+idFxy1c9SZdQnN56yteZaiZ5/63XJPwFtKPryrrmGSi0LWK6ACwm/DmJgHwX7QfsuLpGw6UfxdTaq1OQD+e8btg/yxg/l+vKVX4p6DoEro+o9YhDmZc2NwmkN8bTfDVz17nT1prXHG5dxU9a1lM0+f09q7WkfnbTtlA/8A0XFY9N1VQ6mTFTSOFSMuhljMTx/+C7K8+Hi10VqUrvwevimDvU3z4HNtb3cMFXVtZRa3DHUU1XFqMIy2SGTcW/IIyEvWasqZMduol31ZPte1rzg5Nu4WnmlfHVPcYQ+JzbDb+YfA+q0el60IIm09e+SSFzxGypdnY48Nf9ezlu4KmNs7IprvG4EW5Wme23cQtZIK7R691DE1zwwwsjleI/5z/S1hd2JJGey6nrdlOw9SOggmEOnaONIpZptwNoailpLNmGJLvjqRtLQDY39lRDPT0FbR6hWtibRaJ5muVzQwFhEQBiY48Xkl8tgB+fYrV9SNk0rSuqaasIj1WmZpVLM0yuhM8wMtRV4N2T2mly8EbfQ763JaYpFfy83Nq2SNfDwfxrl8vQPC+gka9rmaTqdeQ6WS+2or37SI3eltwy+5v5u/AXkdOw+hvN3L1X/ECfwXWelaKWujfofTVBRyxujljcyWQOleCyQnYbuyG+kk3AyvKXP8iOSX/wDJMc+30F17HFjWGHDefumXu9TGyg/w4eHU34iOF1dW9R6xfYHD+U7yRc8gktsCPuud1R76ukpoZA6YaTpGlQSBjmSERiijDnAssDtcR7kcE3XSeKtN/Duj+hemNMZJBLp/QumQzRmJjmMqdQk3zAvOWOJlBP0BC47qStfT9Ya/U6fM+nDNSnipniRjnCJh8poJYA13pYOBYrl5Nvv01448onQ1OimPhvrFW6p/FxNqovLdFM2YD+Yxvrb+aLnFyd2RYcrjn9Oa1B03TdRy6RXQaBXVTqWk1GRmyGolDXEtjJN322OuQCPSRdeh6FpOndUabURdVVkWjaCd1Tq1XBCDK6GKTcY4GNI3TSHawNINrl2ACtB4pdVV3V3VFHVVkX8P02no4otF0aOQvg0ikLAI4GDA3bGtL3geon2stnDmIiY/MsrTaZiG76Nq/wAZ0rphAu+Br6dxvf8AI42/Yhby1xnm+bLlPDiovoFZGW/8qvcALcbmg8fZdWTa2cL3K91h5WXq0wk7mxACgObf27J++blAF+MrNr2nw24yb/qoOIUrWHJJ5USL5OUN6SDvY8pO4uP0Sa0A4H2Uy0G+bFINkCAMn9UNPOcj4QGHnACkG9yDeyul8kCbkf6BRI7KzIUCL88hEVbs2GFIC/P6KXlgZ5SIuQFiK3ENJPuojA+VYcYAujHFhhXa6VXsSeSVAuPfhXPz+gVZFiBZQQJBF+FjyEn7FXusBgW5VUlrXHdBjlx91VJwN3dWn8t+6okdhF6+FUhzzlVuzxz9VJ2T7Y91G2B/siSg698KDjg3PZSJ7c/Kqcf/AJVQmZaLn6K1v5eBZVtsTi6uAd3wFFSZe9ucqz7hQY03zi6tAv25VFjB6bHt8K8XPsqm3sAbABTA+yvZtewXFr47K6MWNsKiMG422WQ26qdrWm2Rx7FWAm178KsA4A7qxjbDsqnaQNjlSa7dxYH9EsY/0Ta247C/yhoF5uABj3UgSc3+VEN9jY97oLvUqml3Ym4ACcdtwzxgqtp/TsbKV/blTa6SdYHFhlAJUSTgW47pXIHYlVOkr4x+qkBYm5F1FouDcqQIN9wuh0VrNIPfhK9h8fRBBPewCY9Qs7I91RVe4uLHKeN1iL/umQDyLEFQGHY9+ETpuekI3Tde9FQsbBK6p1oUrWzX8vdNTVEQ3WyMvHC7bwpZS63q3V3TLDC2LqOM0sZ2P2tbW6eCHerA21NMzJFyT7Beb0NedI1XRtU8x0H8O1nT6vzWsDjEG1Ue54BwbBxwV1GlVjegOuKt9TUGoq9DgrIQ58pke+bTNTcYxsYLguh4bwASeF43O3W1bPQ43cTDz6gppHRxyyttM30yC3D24d+4K6yn1B7oow4neMG/JW7646ZZoHiL1dQQU/l0smpyz0bWn0mGUCVjmnu0hxt9Fy1TEYmNO4R55OB+q87J7mHt4Z3WJT1nXqyOJtPSPLZ5nbWEj8o7n7LL0LTaSijkqp4I6yYgGSrrLP2n3u7DR7LhOo+pYNJ1Auqw6WSJgbCxo/Nf3PYFb/w96Rm8RHfxbrepe/TmPaIaKN5igLQ8A7mty7lMeKby2ZORXFHraOvav05QajTazpfVVDpuuUrwWeSx77i9y07BbabcH4I4XqrNapetei6HrbpatkbrOnVAp6uKkvJKx7LyS1crj6w4vIkaTgbXgYC+RuoqJsXU2tRy0cUbYdSlYaVt42hjZcM9OQC0WuOxuvYvAjxD0nSvHKspKLS4+kuj+qt1N/CWV7qmCld5RDd75LFwJ334I3WFhhTk4a+EzX3Dg+te1omfTt/HbR5esPDih6l01kbKPQ5KvU4aWEOcGU9RNFFXxAm7neVUGGYE8tqXWw1ee/4Yaw6f/iM8PnO/LJLXQO9R/rpHgcZve2O/C9z8PNJpxq/UXh/qrXMp5HVWk+aSQ/yaiF1IARztc6WjebcEbs4Xzh4EvqdJ8Z/Dz8RFLBX0msCnmjcwue2RrHxvaWjJN2kWGSt3GvGXA1XjVtQ+rfBeR2l9S0dOIvLfT6jNTtjMBbtImcy3ludcEdgTcYuvFfHuki0jqfpTUGVklVWV2n18FXT1AiPkspq6aCNwcz0ncXPuBcAtwcr1HpjUHaP1nqk7CKcR6/VOLZ6RzQwGpdcOiuXDk+i5PbleQf4hGCPXulS5jWH+H6sBaiNFxrE5t5BzGM/lOfdcvBt/zdOnLuJrL0j/AAzxQzVfV8kbnw108ulaBSSjy7lsrpJZjd/AMcRu0fmsBY4X2VVVUdTV6pTwgRF1RTaZCHxuiBt63hj25Ppc72ALflfG3+FzTYKzpytOpMEtLq/Vv4eojimjEhFJRNewBrs33S7rxndyvofprX4qitElO407ma7qFS6OOR0Ug8ulAG6KTNQcn8lrDPIKx5ee1eTqI/H+/wC7XNfqbs+dPEvV67rDxk6urZI5XRUNWdNp/Vua2KHHp9gXFzre5K5PUNUjoBJJWPDNoO2Npu6w5sO5XS9K0cepRVepwOqa2Gpmkms5+ySXe4vNzmx9XZYdXSaDBOTDocNHM4u3uldukN+2539+61b8p7l7OCnjSI05Sh01/WWszabq3UND05p9O4tqWwS+ZPI62GukbcNGRey8Z0TTuqOkesaObQKepg6i0+uJo5oqQTtMzSQHt3tLHgj3BGV9LaWaJm6PSXQAB2WRAPP0s0HK7OjoNWoqTyBRyQiaQFzaug9Vw0uAa6QAN9Ofay78d4iPthy58EWtu9nx/qnTnWPWuu6hqeo6VV1mrV0xqKupNJHTROkcBmzQ1jcWwAu2rvDqpoxSSaC9+l1cdPG2oMcv55gPU4AY2kr6IrdZ8wvfrWo6fG6VgHly19PGWtDtv/Ki3EHuRYm2Vzc7W1JlEJhMQAkE0DJ5gW3bu/NGz8u9pNz/AFBMmXUdy148WKry7pao6iirI4NaYJmB38zdCLEDG5x4tnk8LvINQqK+rp6bQadtTXTMsyCkk3OsDb+Y4gNib7uJsBlXjSvxUMkbfxJila4SSseyE7AXtdcDe8NBjIdj03BOCCtoyPTtCaKB0n4elkNn09LFula4FoIkBJLy124Oa9zWvb6mleZfNj/nP8HT9XUaq2Im8s6dpeluZWU8NfFU6pURvYGalVw2cymh8z0ubGCdrHWEh3uNgQtfNURapqNFQvqC/T/xslZXTBpZHIXvL5JBBLdkbiNsfl32O2gdwsarrp9RaIaWCOjo/J8ssc8ECK7CWyzEAGNrwCC7LAcuK4jxC6ri6N0F8NC8nVtWgcylc4FrzGfS6W3LYhcgbriR7Q5uAtdK35F//H4c1vsjcvF+tOoJOrOrNc1qXa38bWuMbWN2tbE30Rhrc2Aa0WHbhYWjaLJ1LrmkaDTOtPrWoU2mxW53TStZyfgnla0BrGsaL2bYC5XrX+HVsFF4jzdVajHHJp3ROiV/UMzZgNjpI4jHTtuf6vNkBaBkkY4X09KxSsRHw829txMux8RdWi13x01WXfTQafTdRShjjUeXEKTSIcAuaHYvGwC4Pqx3XmsGrUnkCdxcZpbyy/g2bDucS53rfc8krMoHyupNZqa6etppIaKLTH1EcbpA+pqn/iKwvIFnemzXAkE3BF+FoKqlkotwkDTDPEZaeaP8krLlu5v3BBHYgg8Lx807yOjFWfpzLp9X82npoKerrGw0DNMjrH1NU5jnFkpc5gJZcvecAM/NfmwC8/12sbVa1PLA6X8P5gEXmDa/Y1rWi4ubHHF8Lq9Vo53alU1lePIptJZFR0jGAMvOyMbnkA2J5AN85XAgmScF5uSLuz3OV1cStO9MbeUe3deHEn8jWYWn8skUv1vubyu5BFuF574fO8vVtRiudstEHZ7lsjT/AKr0HgYGV7mP9ry8/VzODcjHylYg34NkyLg374yk6/crY5jLjze3spE+3CrIdtAAJHa/ZTaCG24KLsNZnOFY0Xtwq/UPgKYIt2Fsqmz/ALqPb1Ot7fKmclQJzxg9kTf4IlrTlIjk3t9lI8XtYd0rm+OEXaIsR2ICbndrBDbu7WH1QQb447odof1Z5SwQc3CltPqNhZVFtzhynTLUmRYZtkKsuNvb6qRacbuxUXAi3uVEVlpGDa5VTu4PCtJI7H4vwq3cerCDFe0AYIVDrWIIWQ8EnHHZUuaLnH3Q6hjuaTc2uqibYVzjmwKrfg/VVNqnEX9hhVkXBItdWOub2sLKgk5+nCCbRclWtxbcQAqWGwx91c3PPCkKtabK7LuCsfuTayuabcKi5txhTFgMKvv9VMC3BQXx4HY/CyI8jNxhYrG3ALgQsqP9bDusk7WtAI4t9FYHXG0m5VY4Fr/RTaLWBVTtYAT9E7bjb9EiMZNvZMHaTf7KnZHA75PF0btuNpP1Ut1x8pXN+fukHZ7r2xZSafTbuoD90m5NjkqJpMk8DKbflVkEE+yYdYi/1Vg6XBw97e6Qdc4SDrt9OUbvUAB9FTcGbC3YqTPUM/3UXEbQSQo2GbGw7BQ3BudZInccAD5UC655+qCFV6YHULDL09q8Tb3dRylv1Ddw/doK7/rDVaSn8VepKiZu2nZ1DTahMx9S6MGj1PT4zLljS4NJ5cDcC4AJK5FsbZiYZLbJAWH6EW/1R1LqranUvD+qntDB1Z4dUVHUSvF/+NpZJKcPP0MLL9/UvL5+Pzxuzi21d3T66bVulNP1b8NBVdQdHRx6L1PSSwvDpKVgtQagGfm8sxkNe42IOTYC65PWNSqPwJdRRQUkkl/XT6g2VpPa0ZbYW+qw6LUZWajRajQ1dVonUdJCKV9XBKIXFtyHMN8PYRbc1+Cbk37bZ9b6on1/T+jPc2xlkoYJKAye5cYjJHc49QaPovAtmrbXl1L3cW8UanuHnFVpB1rUmahqTnSEn1biLuIxntb4XpHSdO3RGMfROfC4XG0nzGgHnB4Cwaig0+pqDPpmky6c++17RrYnD3XANvMY33C21JWS0rtn4KA7RtcZdTibZ1ib4/8AZVnPWPVm+k1j3DA1joHROrdXqNS1OOobWuYNzqV/lCcgWBNhz8/C2HUvRHR2kaLSalommPo9Q040/wCDc9wkndK2QOLiWt9RvwSb8DK20WsyDzBDpUTahm0B/wDE7hp/6mhhv+v6obWSa++HStc0938PrJWMq/w9TJG+Fl/+cLt5ZYnvlpCv+KrqYm0MLxj19sO11mV1J436ZqQmdQs1fS6apdJFuc1s0LHiVrsE4lpYgcWBscdvFm0I0j/F/G2P0xzdcfxGANjMloapoqI7NZkgiYWAyeAvYdVq6Sk1jwqrtP1KpqvwOo1ml1Na5jqdxb50bo3gG2z0vkBHFw49yvNOoIZab/FR0N+KIYfwnTpD2h24kUIFyY/U47mnLc4AHZZcG3/LtG9vOy9zDt9B1IUXVVZO9r3OGuzyECOSmdu/FOv6TufGb9jucLWyV5V4/TMm1/pBm9r/ADdBrqvcHyEETaxVOabyevNifVn3XoHS1Qw9QRySPcWu1Z73vbOaY2/EOJcJJcx8X3O9Q5OV534/zGfqfpA+Y+VzOh9MdvllMznedJUT3Lzl5/mZcckq8GN5Nt+bX2w9d/wtNo9S6Vdp1TUMhEvV1a+MyOexl/wNMMkDYTdosHFvbabr1TRIK6mqtT0+pfSVIpdRr5HtOpRzuk3UgdsDXjdG1wY4B8ZJ3fmHK8K8AG38MtVdJ+KkjPUle2qjp3SC0f4Kks9wb6S0OsSH+n2zZdlQa/W6Kz8JpdoJXVhmimlLXRQF8Xlb422D45QdpEjXWtcFq5OZ/wBedRueikTavS/pfQ6Pp+Zul6PUVOoRQyxtjJjbC2NjyNoe+5BcBfIIDtjrXIsr6+u0yugbNVafpMpLWvc0t/FvaPLL3WBNi4Ax2JFiXOBsWrV6vR/iqd5qa534xtZ5VRTPe2One18hHmRhtmFgncQbD0l4NhcrAd5fTdNT1/UNdS6DQSSMj/EVEm1pD3vjcNoyS0Mc8t7tIIOQufebJOonX8Ij/cunymI+6W9qtVqPJqhT6tU0kgjIa3TG/hoS8Naw7GxtZZrnPdI2/HllrvzArna6KhNa95o5a5shIBqz5pDRLubYyOeb7WMIve297Tiy1FR4qdC0kDZj1A7W6g+W5+l6RSSyykOEm9nmuDWNsWx+q+C7ggLmJfG/p+nlcKbo/WtU8vZsdW6jFSNe4MLXlzWte5rXF17AkgtBByQt9eJyMnuJn+ctX1aR6/s7OOrdTxGOigZRybW+uCQx7C1rgHANAsQ6R5Hw4tNwBbIMupGeOUto6V3mAtMsTWNzIQ2/muOAWeX/ANrQ0rx2fx06icJWUmh9N0sUgYB5sU9Q8bWBhveRrXbmgB122OTYFafUvFrrXVJXuk1am04uIdfTdLp6ZwIcXXD9peMnJvmwvddFf0y3zqP7pOb8Q9ypqGsr2uiikra4ti3Njo4JZ2G0Q23LGhjQWegknBFjjKes1ei9Gnyupq7SNDnjcD5eoag2oneAQ5oFDSF8lnx49bmgHgjhfNOs9U9Q9QRui6j6i1vVoS5zvKrNSlkjuefRcNz9FpYtlL/9NFHD8sYBf9F10/T6R+6f/DTOa38ntfVPjVTUsbGdI6dNqVTHlmo65BGynadoaHw6e0lofYD+ZK5xNgSLrxbUtTrtZr6jUdZrJ9Q1CoO6apqH7pH+1z7AYAFgBgBVVDy83Njbuqw2wHpx/dd+PFTFGqw57TMzuTjG+20XuvaOnIoul/Ayoq6n8/iBrIkNiCBo+ku3vdflu+oO3HO0LzHo7pHUevOpNK6Z0If8fq9QIGSEemnj5lnfbIZGwOcT8L07xU1jT+pupKLQOnC+Lpemp4tI0ne8OLNGovz1Bw31TvD33/qG3lMt4rVrnczqHJ/ia6HSKJ1LVwMqHvfqVXHBICRLUHdtkb/VZgY2xyMhSrHNfU0cbAG+V5jg22GAv3AAHte5+6zdQ1l2vUjqmeGCNzatzISyFrZPKIFmOeBd+2zbF1yFj1LCaupc0bjFE8D7bl4kzvc/l3x1XTW6zWPm0eeoqd0tRPVF5k8zsGlm0t+S69/hcZE68j3W5Psuj6ok/DafRQBzSZH3O23DR+oO4/Rc1G6wuR9V6XDjWPbTknvTq+gTu6neAAP+Al/YhemAkg2Hfhec+GsRl1zU59wDYaDbxyXvAt+xK9HDT3XsY/2vKzz9xgXvnjspGw5HbCi1tnZuQU3jP09lsaBfGceymwnAtYlVOtYi1x3TAyDfjjCCy7s24Qwkk/2som5IwQgG2Ri6JuFhIOBYkC2FW7Fr3sp3xgZKjY5vlVdkOLDslY8Kd/Vxi6DwcWuobRA7DJ7pOIxm5HKs4yB91Bw3N9rnKJtWLg8kg4UCLG3typ47Gx7qO0F5z9EZIvGR85VRFzg2ypyX9iFEjOOSh2iRj3AKodfNjdXucW/lx2Kqtcmygxyy4v8A3VDrm9v3WS/INzayoJsf90NQxnjI4VTuTgn6K6Xm4WM4+q+bp7JQcBYgqogWJVjjnBvnKhe5ysmMAXwB791aMDjN1G20m1j8qxovg4CwZpt+Vc0kWB4VTW2NgrLlvIyqi7HNvop2Pvyq29ufdXsvcX4VFjWkWsVkMbcY4sqm3I7ZPCtBzb+ysSna3eQLd/dNvzkXx8qDRbsrGi1iLLIMHPwpDLR2Ub2vfJvlAOARgImkrkG2bd0Akutwok35ICAbc91RO/IOLpsA3WOPlQDs9/nCDi9sgoaTda/N/ZINJ4Nyf2SDfewQSQLt4HKJ0lwDhO/qFhYnuqy6/HvhS3g23WwqdJXuMlAbfHB91FuLmwQHYtwhuEj3AGBykXBosTe3wok2ve6qJNweUXbIY62e4zdazxHpZ63wZ6M1OBrKVvS/V2s6F5rB6nCpDK6DPxufb6rM3G5HZZTqca34beLPT7C+Sto6TTOr9PhDcD8M801U7/8A1uYf1XPnjdW3HPbm+mNf07qqnihq62j0fXIIg0/i5WwxVYvyHnBdni4Nv1XdM8P+r6Ys8rp+tkZKdrJKMiRr75BBabEEZ+i+bXhpJwHMPYi4IVtKXUUkc1BNNRzRu3Rvp53xFjvcbSLH6Lxr8Olu4nT1q5rxH5fSr9F6rbEHVOm621m5p/nMfi5sDZw98f3QNM6hEZ8yLUomlrmi9NKdwOCMRrwGp6r6irpDJW9R67VSkNBkm1aoc47fy5L+3b2Uf/UuuBxd/HtZD7AF38UqL2GQPz++Vq/wFfz/AGbPr3/EPoObT9fbG5zhq72PA3f8NV+q4NwbM7bnC31WudR1cc7mPcw1EhsWSTOjkff4lAJvf914bS9Ta9Ryyy0mv61TSy38x8WqTtc+5ubkPznKzqLxA6p01ro6bqDUJ6Z5JfTVsxrIJL87o5dwP7Kf4CI9W/sfXtHuHssUjqKrjfURlssUjJLSt3A2INyDhwx9wt911K6D/FB4T1MuzfU6XoL4fJgMTeJo/wArCS0B3+XjAGV5Np3jBPWSGDrGkgqaeUndPTRCPym2tdsYuG7Rxt9hcGy9H6oqaTUfF/8Aw7T6RVRajVPo6OI/hqpkhbH+PkfDEXsIDZAyQg/lIPt2mLDfFNvKOtMcuSt/FuuhoZKjX4ohJK2X8bMN0Za2TcHycGc7Wm45k473K8o8Y6ttT1dpo3l7YektAhabgkWowTxjkleueH9JJqfWUdPTshe0anUTyCojEzGU8Uz3yucwus/awHFzuNhc3Xlni/S/wvxDr6SWuppPwWn0cE74KJ8pge2FwEMrW+lkjAWBzAS1rja+CseDvynpvzRE2rG3pX+G5s1R0tXUdZJ5Wjy9SyQxSyaa+qjE81FFusGuBc+zGENdcYwL2Wb1p1l070HqEun9Rtq6jVGxnfpdCWS1JuHt9byfLp2k7Htc8ea3/IvA9O6o1jQOm9Q0/RK+ro6HVnRPrIzQxnc8RlnmMcSXRnabXaAfYrmKadtBeKhc6njySXQ7rk93DuRbut1uJXJmnJf/ACYxFqxrb0rWvGvq3UqmaTRpo+mmvqHzNnpXefXerbua6reLn1N3Xa1mSvOzaaoNRWPkqKkj1zTyOleR/wBziSpSTR/iS01cFg5wErqdzGvbbkgZGVGNj6gF0Jp5r2B2vs4E9s9/9F31ilI1WFikR2zGzhhcGSb2jgAE/wDsJPkZK8W597YVEdJVNju+lkADbgtIcObE47KN4W5kf5RAJIf6bWNlsiWeraWy0xcDI1zQ1xvzlYr43Xb3HuVsIaYkMdcXyNoz24PymGh0BcSL/wBIZcEG/e/Ky0xmu4aiSnN8E3usWSKzvzXtyt5VBp2Ma0AnJcOSbLW1Vg4hwbu7Y/uo02rEMEtNvV6SeVGR7Y2GSV4YxguSRwpm7g0t745XrXhH0tDp0cPiF1FQiupaOsFP0rpUjw3+N6uzIJFwTTU5s+R2GucA0Fxu1YTMVjctFm/0zSofCHo2ro9Yc7T+sOoaFsvULydsuj6Q8bo6GPH/AD6gbXygkFsZDdoJBPn7Gvqem9a1yr8ii1LVH0cVPp7YiPw+llztgZkhoLo2gggGwBGCttqbZ+uOpJKfUKuXU9Ho6yaq1jUHNdEzV9R/5j2HcS1ruAQDhjMDAVPU9a3UafStRidVTw6pp1HEyonnbI2R8E07HiIDLIm7WMa13qAb7FeNnzedvH/f+5b8GOJnylqKclv4SIY3zMdx7uGVnOn8iuqntc67Nz2ute9iRkfVaupeWT3iOYi3afkZuttWgajQSu0aoiZ+KkEs8M8IfLTkHc4NNwHNLiSBzjK5dxrTdadNBrGjjWaylfDqHlMZEGvM8TiGZNyNpJI4NvssXrbpuh6TrdNo6DX49fmqKCOrqnRUElMyme8m0bfMO542gHdZvNrLfsknpKqGXV9airdBo6ds1QynpY45PMdcCIkC5dgGxK5FjZOrOqC6vkcWVdQHTybT6Y78ZvbADRdetx5mdVrPTkyTERuXfeH+mGg6d/FTN2zajJ54J58potH+vqP3C6oOBGST8oLmuAEcbYogAGRt4aBgBRbybgL2ojUaeVe02naZtYZtdAIPKictuMpA3+qrXuVgcNpAAP8Aonfj44VNuDwp3sMkZ4TSpFzuBf8ARMBvfBH7KO4h1r/upX9WUNmARgkfGU2n3HCTrlQPJF8qm4W4Av8Asj39iq2OsM5BUr44x7obFtmB+iRcL4H+qd7W7+6iT78Im1Z/N7Ks3vYq02N78KJaL3IvdRe1bsWJVZNz/ortt8+6hYX9Zwe4To7VOIv7KDiPqQpuaDcgkKJIBueynQoeO9v0WM/i5WTIcLFkJAwi6YzznuqTk379lbJznsqjcHHcIdK32va+VC9ha3ZSf+6ocbKzKbZGCLkE3U2nn+ygPe6taR7rGGSYIvYKY5tcnsqwLHF7Ke3OebqoyWD4V7QLfKoiF1kcd+EFluP2VoHHz2VTQTZWht/sqJ54U/y3/wB1EXJyb/6qbyA0i9jZXbHSvcSbNvx3U8DANwq7gZypWs64CyUydxx6UxcC1+OFC+chNovbKJpa0kC5F/dSB5HZVnHH7o744VT0mDcenHZJ1rkFRN+L/cKO7ngKMk9//wAJX/RRJLu9kvzfCInvs7lSBFr2uqQBm6BfNiqbWEkW9ykGfIKhvyDwguyCDY+yJsXt3XQ+HlZSU3iP03R6zI5ui9Ux1nSOqCPD3Q10W2MA8C0rWm+Vzdzbi60XV0MtR07WCnkdBNTujqY5WmxY5jh6gexF7/Za8kbrLOkxEvN9S0mr0CurtG1aMRahpVTLQ1TAcMlieWOH6t/dURk2z24wvX/HeIdT1XTfihRw7aTrihH8QjY2wptXpQIaqItH5d21sjb2Lrkrx0GxsFwQ9Gs9LQcqznlVFwAB7qTSSCbG/srvTbWNngcnCi42OMpuw0DjNzZVFx7X+Fj3LP7YSa8i+MdrojlfSyMlo3GnnY8SMkjwWvGQ76qBftA3mwt3RDHNW7/wcL5Q3k3Ask6iO2vczOofVPRviroOg9F691zLLp8vUrKWKjd0/LADJPqe5roZ2C4tASPOkIsD5YYcmx8FZ1frlBTVkT9UZUTahUST18srwZaiWQ7pJHnvud7laGegqK2sYYoW+cQ1rI3ybn4A7/Xsu90HwY1PW2/itV1Ok0eJxuWbC+T9LrnxeGKPtl0eGSbbiHIv1GN4M8WrxwzuaN0bKWQ3N7gbiLD2WEamOYmSWZz3uOSWr1qu8DY6RpdD1e2awLnE05YAAuMm6I1KISu6f/iWs0wveogh8uJ30Lhcj7LZ9ek/LOMWafhzQNPJl1R5ZA4LTZM0TQ1ro6iKTcLja6/xlElLW0LnM1KmqaQA2PmQ7rH9MrXyVdOyc3g85g/qa0x3+ysZKSTS0e6tm2KtpXMkY90ZxtLH5cG4GB2WQK+qcx0c0nmEEn1sBNzySeSVqIq+JzmgVEsNsAuztHt9Fm/iJql7nRzwzl2SBYO7LZEx8JuY+WbFNDEPMmp5Ije48l1m/BLf6j/ZXtneGRk+XUNJGC7a+/t7H7LBdVSwy7aiLy3kD02x9VlBvn08LztIuSHnm4PYrL+TZF99CWQBrmPBa4vO1j8G1uVqqoEyc5djIWW4M9foc9hOGk8fIKqlgD7OZfZuJDXkbx8G2E3Py1Wrv03XQHRz+uurtM0M1P8AD6KYyVGpV3H4Kghb5lTPexsWsB235cQF6N4gdYOq6WjZ0tQO0+TVmM0vpDTItrmafpLTguYQXMqHuDZXPvdxfkkAK/wd0M//AIveu9VjjaybqLUdN6Opqre5jWQSONRqDXOANmmKNrSewC2dBS6R1n1zrOuV34lmlQVsOkUUk1eyQ0VDS0zqnUnjcLh4iY2ON1g0OkF15/KyTHUf7/DmrG57R0HpunGn6T0b0lUU9FT0Wk1s/VOt1Ja9r6Wpc1obHuBDHy7C1jrCRrD8lef6+KCj0TpampIKGndRT6w6oMMT2yECtAj8wkbXANuG7eBcHsvTpq+bWaZ1RVMLa3X9Uj1OtBjjZshY0R0tPtYA20cTWtNhkgnuuB6ydVnpzQq98dU6gdqvUDGulnElMHGrjJayJp3Qk9y6wd6SOCvof1T9Hr+l/pOG+WP+ZedzP9HncDl5OVzcmuqR1Ea/HuXPajp1VT1lT5sW2Iykskc8Na5pPpIN8iyg6IUrYHU8rZtQe9oo4WwPO+QnFnH25+yqpqhzh5tMIKKBg3ySxt3bGjnJ7+w906/W5KHSjqtS6Q1VSx0OjwyG5hY4+uY99xHB+V8bWPO2oe9efGGh6n1EMezS6eXzYaV7n1Dh/wDeqXfmcfcDgLvOitG/g+jiaUNdVV7RJKSPys/pZ/r9Vx3QHT/46qOq1rN1HTPIiDhcSze/0bz9bL1BgDW2LiewX0fHxRjq8jPl8p0tZc+lAI3W7/VIWvk/qnYH4XW5O074xkXzZFrZPCTQDghAt6lDYvnhBBI4Hx8KO7PHCd+L2VNmOb2UgfY2Kr3ZsByrGsdY7RcDuiJm9g64AKRy27uPopWccEWULcC3fhU2nYiwF0OJv8fCTQBg3uE2i5ta4KGycPn6qBycZUy3GDlRLCMJpNyRDee6gTa9s3U/zY4tkKFvj9EmDtDdY29/ZVn65Vm0XCgWENA5zdNIrdkHB+6qJI+ncK9wwqXD1Z4UXSqQduyx3e5WRI0E391Q4DNuFNDFlI3exVT7jnvwsh7RfCx3/m+qrLpQ43uAM2VL25v8K8xkC6pcLDmyirm4457q1rTYKIxj7qxtr4wUTRi27n6q1uLEcqNuMWIU2fOFRdGSbe6tvflVtGb9uysAvfCgtYex4VzO4OAFSzjIuPcrIY6/vtVEiLHFgP7qLjci1io3It3A4TIB5uiaPfY90NIJI7nhROSLg2R3uOf9FYlNJXcHEC6YJUSQ2yjfF+AVkL77sfF0sH7qoON+VK/fkBNmvys29icKp1gSP0Ruyb59lWXZOP0Q6ha0gCxwRwhx9NsBV+Zbk5Kjut3VTbIZGx9PLI6ojZIwtDYiDukB7jFsfKqDhe3yqvMIOMXSDicdvZQ2t3EdilewN1WTfN8pF2O6HS0ONr3VNTC2ppKiBwu2aJ8TvuLKBcWjBtdRL3NF2m5GQFJjcaWJ7brwd0yPxF0jX/CfVq2Kil6ia3VdAml/LS67RjY8Ae80H5ib44yvDtQoKnTq6tpK+E01XRzvp6iE/wBEjTZw/bHwQuwdVah09qs9foUr6PUNPnbrOnTDtNAbkN97sPH/AEleq/4uen6Kp6q6Y8Q9BYf4Z1/o0NbIG5a2obE03J4BdG7j3YV5e5iXo457fOUbdx9VvlBeXENH0TN3EMB45K7LoDwzruuZfxM73UWixu2vnFt8pHIYP7nslrRSNy6qVtkt41cYAXPEcLHTSHhrBdbmDpLVpYhJJSysYctGw5X1h050R030rQtOkaLSRzsH/wBS9u+U/JLja/0VYYdQr5p53+c2MkNBsbkf7Lgvyd/tepj4dY/e+Y6bwv12vs5tG9gte7hb+63VJ4M6vC+OR1WyklOQWuIIX0JWVEbGbLAMbgfC1skoeAGi+L3vj6LVGS0+26cOKvqHjE/hLqMkTnyak2V4G7LLE2+bLo9F0DrengjZTim1Sl4a+oqPJkaP+7Nx9Qu7dVNdJsaA4g7bBuc479+62mmRuo42QRRvdsaI917gEf8AvlbY3rtp1HluGk0/o7XKxvka9JSQUrgN7WVPnkjuOAF6JD5Gl6c2hoWuZTsbZm0+o/8AhVxU5fC5sjoy912tIP7qltOTUOFU4l7QCwxyXF+4WO23W46hqNQpGVIa10DJWZd/NG4g97ErWy6BoOpxTRappNE4iwG2MNdnvjhdRPC/8HIwQkyeZui5AA7hYjNLMjjJ5VmPH3B75V8qsfG23FzeEfRWqQXg0+WnL5Awugmu4D3bfFr91weoeCUczGCirBTNy5pmbcht8EkfuvapaKanLfL2eUwuDI2uttDucKmZrngbd13d/f6LDyj8s5i0xrT531nww6u6dYTFC3VaNlswuEjRfjByL+y417hDUBtTTvopwfW192tcfvwF9aRudTP3CW1slzDa3utdqlH0z1nTyQdRUsVZVO9DKhlmyszgiw7LoryJjrbhnDuXzI+eeIeVMA1pA2uIFj3vdXtjExjid6huxftf/wArtOofCLUdHrn0+hTM1Cnma58Ubzzt5A+RflcRLE+gq30dXHNS1UTrzwTCxae7ge+AuqmauTr5ar474+5fVnhwxum/4d+inRBgmlpNWr5/VtcaifUY6OOUAEXIj8wEZ9JK5/w582p8L/4k1zI5tYg1eJjnvjb5hrdQZFUvj2HeCIaZrbPFvXjF11zqCXRv8Nnhg+WlEZn0+lkfK6N3oa2WoqG2PDd24E3yV4rpuq0FB0V4eaB1JPQ9NOqelJqrTteqqQzvpJjqlRK0xmK+JNjY37wS0X4Ds6+Plxcfm0zZazatbRMx/CHHETeNR87di6up6arrdQqxto9OpXzlrLC0cLSQB9bLzrWZqHTNF6S0+onrKDXKbRG1lRW0sPollrpn1RjnjdZxLY3xN3C4I7FZNe/X+q6GWOt1Dp+fRpi2Sul0cuZNVxts4xEOI2XIsbC1/gLC6ojl6g1Cu1il02UUtdXiOI/xyOrkpGuBEMMjG8WYzaC7/KvoP+Kv+IMX6zkx04v7KR8xrth+lfpuTi+Vrw1s8FNqPT9bDPVU1BWwy08kEsVKfJrGOe67n24tbi1iOwNyuV6iFZqeoU1PXRiHURE0wQR3c2WJ5uDEBwOTY8fRboyfh3x6XoIi1bVNsbpZ2+qnpj6nFufzPBPPClT09X0y6m6jdqEbK6skfBTVVTD5sdSwO8qcMFiCG7iCDj2XyPFrbz26s9naadRw0FHBS0zQ2GBoa0DH1J+brPw6/wDSsal2mCLa4vO0eoi27HNla9xaPlfSR6eLaZ2YuO91Pzee+FWLDB5UgRwLKpuUmHBPNhfKs9JHawVNrflByO6dxbP6KHawOyRZStYiwse+FW3IPNkgeOUFpuQM/QKTXFt72HsqnOuRbCLEt9whte6S4t7d0NdfnP1VYbnnCPpyskWPfc3uR7WKm1+MHuqN26wNvqrAAMA5QmdLb5/YWUH2cPZAJvjKje9jz2wrtjuRbGcFK1gQOSk4EDaOBlRBJORYoFY/T6KuxHe6tJI9yFW42ttOflPZ2rdxbt3VUgFyRwr35w7A5VTxt4U0upUuNgL8e6x38EDJKyJCBYFYr324Q0x3GxNwMYWPIccrIfJni6peUViuyCLlVkXxdZBAPPCpeL3AwFNG2U1ozzdWNaBY5QACCD7qYbmwtZRloDNlaB3JSAsLhS5sLYRFgOMKxt7XULbeeO6tHwhpINGMKbMXFlG5J97YU2nA3e/sqaO2VK/p+VF2Py5Tu61j/ZAhcjIupd7n9FBz7EWFrJGTF+Vkx0mS03tZRuAMj90twsTa5uoEh3sqaWD08ZTdYWvgKoke+EF2fcLHa6SvnByFW97rmxyol238vHyolwFyLX7KxKa0nfGRyk59x9B3Ve8Ec3+LKBe0g/sqLN//AITbILeyxd9ygvIz3RNr3S2sAfqoGQuOf2VG83UtwNrdkXawv9wUi7FrWuFW55tZIOce/Coo1aqjbFpbpWNc+kqXyAkZfEQ3zGE342l36let9VUY1X/BVoM09Q+eXovqF1FI4jFm1j2NN/YxVDRb2svIquSGNlLU1nlCmpKyKoqDIxzm+SCRICG+qxa48Z4Xt/hrp1R1r4AeOnQTozJVUMcGtacAyz5muhbIw27l34VgPsXBedmjVpl1456fKuj6Sda1mDTy8tjLt0xHIYDkffhfVnSNMym0+GKGJkTIGhjA0cNHAXgXQumtZpEfUjgQ6qrPKtggMcP9HL3/AKfmbCxrZCGbnAZ9yvE5mTc6fS8CkRG5bzXKl+n6XLMGg49IJt6uy0FGX0tLZtnbByQT83Nlv+q6R0vTM9Q0EMgLXOuOwIuudDpmUrvKkERFzcm1hbutGKXXlmYhrKuqDXOjLw5rjcDsL9lkUkDponBwDowB9be64nVuq46GSz5vLc42a+QAB30VNHrVVWDdFMxkN7hzTl30K6p3rpoxV8p7l6DehpnneYY3nl73WJIGOFl6PrOlRzbaud0DQPTJKw7B+lyuHpn05mP4iYGS4/M7ke639MyjdDvM7SWuAIDgDcj2WrxtPt6dKUiOoel0M9DUyf8AA6hRzta252vsbfQ8qqt6h0ymY43NbVtFmxwsI2/V1rWXl/nULKgASQAjBLnAbfqVmx61TXdCyeN/l5AYb/tb5Wem36HzDpajWamd12RRxR2w0gnn3PJWLPr2otaNtJTFl9u7a4ZHJ5/YKqHVql03/DwufOBsbJbY0OAwSfYg9lgTz6vViJ0v4aMQvuWzSOeffDRj9VPGIbIw2n4Trdf1eTc409PtGCQSAT7Bc9WdR1kUPmVflQRRjcXNdtt75KzdTfVPY7zKx0WbkRRgD/wufq9FpJJHCpa+rlic3aHO3MIJybW7FTwiWN8U09wxIOtajXZPJ0SlmqmPuDOLsYD39Zx+l11Oj6XX0Tm1ZjDWsb/Mi3b7cf8AvC3nT2mxUbXARMcSLEbQP/YXZ0dHH5QaW7r4yVrtasRqIcVscT25qoglfX9OOYHBlQ+Sba7kNa3bg+1yrvGvoLSOpNArPxkTaaupaNzqSrDAJGHy8NcW/maT+y3lDSiq15jnOAZRx+Sz4udxWZ1DH/G9R0rR6YNfNqmoU9IPTwC65x7ABa6TPl058kRFdWc14/1TdC8OdA0JkccB0Do2lifIwEObM+le0t5sQS6M5yCcclebeImn9edJ0mi0lPTazT9K6P0/plJHUUNOZKNlR+Fa6oLrbvJkMr3hwdtJLSbZXfeP1TR9X+LVLo9YIBpVd1BCyYyyNY0UNIxv4l9+wApX44zjleT1HWWjdU9ST6/TaZV+HWvarWGph1jpzVJzE+WST0OqaaQnGQXOjcMknaeFv5ExM9/7/wB/1eDiiZtGoeftbPr9XFEJpq6omJ8ve4EYFyb8ADklbekinbpNbQdMzzU1NDK12s6y14AfGWujETGuza7nfY5Xda7o+pyaB09qurxUrOqOp36lDqFdTtDd8NJUtY+ctFmseQ6x9IvtYSPzX8c6t6mZqQj0jRgItGo/QxwABmN8uv8APJPcknutGHFbJfVfTuzWrSOpVa31LTUtFLpHSkJpNPaSHTkgySj5d+uVq9P6kkl1bR5dYqHCjoPJjZHHH6Y4mE4DffJJ7kk3WonIYyw4WKwhz727L3cdIx+njXtNp7e5UvWHT1a60GsU7XOvZszXRH6ZFv3W6DhKGubYtcLtLSCCPgr5rBzbC6/pHrGfQHinqXPm0159cYsXR/8AU2/9u67K5fiXNNPw9otZtr3+UC7Ta9/usWjrIa2kZU0czamnkNmyMOD8fB+FkggDjvlb4ap2szYBpt/qk7n/AMKtsjeL88XQTZ2codrd2ENcCfZVgu7Y7ph4v9DwqbXNsc8FS2gcHnuqmE35/RWNPq7WQ2ncgEAm30QH3wclR2kmwypbRYfqVTcAECw/sm13q97d0gLWvwOQm1ouTe6HlCx1zfJI7BIceyRNxi4CTmkm98HhRjtHfYWOEhkZKgWuJt2upuFuRwsjclexxhRJx8qROb8n9lAj6FVO0HnIOVU4kYtzlWkAC1rnkKp/ayiqHkm591Q4bhfBWRI2wtlUEbW3U2vTHcM2GT9FRI0EG+Sr3k8m6peTYXsrvQpfa3f5VDyLW9lc6xy3kKp3KxlWacWB5VrSBa5UA0FWRM/zc3UXSbRcXKsDbBDW83/ZW2Fh3ujFEHHe6sHpHpzdJotYEXCsABsAD9SqqTG3Ck27R8KNwG98Jg+r1f3WRKYz9PZJ1r4yi9gSM2ScfuFE0g64P15US7FxY5Q85sf75VZOb/soJ/02Jwqt3N8I7YCjbOeVkdpB+Pb2QZLn7Ko45z9FE5vY3WOjSW8gG11Bzv8AKk5wxcdlS93ZZJpdvsbH7KLnAYCqLwO6Rcqpl1zyolxHJwjcL5H0uoHIs0onUJBxvbkhG8hVB3ubY5Ug73+qaNrC63ufogPN/gDKq3cDgXUhciwIGcopybZYnseA5j2lrmkYIIyF65/ho6joelPE/o6Oukh8jqTTarpevj80gCoZL5tLI9p7vbtYAD/V9l5BuF8FZFPPXy08tHpVUIK2imbrmmPlnjY2OogsHlgcLukLdhABz5ZwVycmOos345+HXV3RUvR1b1p0RNG1j9I1R7qVjL5glAmgcL5/KbfVpC6TpevbXQQSOeC8tAN/cDJXceN9VSdSO8PfFjR4w3Tuq9OjotRAFgyosXwNdbvvbPHf6BeSabKNH1uanaHNjc/zYuLtvy36d/ovnORX75h9NxL/APLiYe86fTx6vodTRRtuJWFhJHFxYlcedFpptPpKauYXSwPLXkPcA8DAJ/1wt30x1AKWRrRI1+/LmloLbfCzNVhDN08b2vdJZ1mDhp7krmjqHZM+UuJ13Q6CSlkjmpIZI9tyyWMODva115OOmaCgqKj8JE+CMkERRzOa1vvYX7r2XVnea3Y03DeFydTpUNRJtc4sI4Lew+i6KZJiO23Ubhzukabp5YfMhZIbXtJk3+q7DSqChiduZQ0wecC8Y/15K1zOmXNeCALGxbtz9VuaTQXsa4xVcodzbYCFnN9vXwZcfj220FJTzuafw1M0nBIiaCsUU0EOqSQtfHHCT+aNo3C47/6q12m1jIrfitzbh21uAT72WTHpEMjGPlL3yi4c4yWuCb5HupuHT/icdfUtzLBpb6KN34+srq6SD/lMpQAx97NAcD6gBc8Lia2vgieRFE/zCQC7cHC/2XZU+jQTQmKeCN8WSbm3P0WXFplLE4FkUbXNbsB2jH0VtaPiHLHKrXe5282Oh1mqASOOxpB3WPIW8ptFf5hklsdwAeNoYLi2QB9F2hhZCxoY25ve57H/AGWDKDJJhtjxytM2/Djvmtla+kp/LJuPyi32W0inFw1pyO/wsUNLN3b6K+CHc5vYtK1a21/DMpWfhnyeY2we7cSTwebrN8PJoqnxRj1GrZ5lD01pdTqtUQR6AGkNPHuCtPqtW4Bwhbdv3J+yxOg5Xaf4eeKPUMrHSnVNQpdEFpdp8hjd1QGuPB2F9vlZ8eN5dz8PN5lvHFP8XCdIySdW+J+s1UtfDppioY9Dpah2nsro4tU1eUxhskEhG9jmCYO5te5BGDzPSmhaHqXU/Sj+raXT6HTdMqqqbqSp0yAU1NXsZUyina1l2tYx4p5csDfSB3WR0Xrs2k9DTda1cnl1Op9TV9fRSSRsG18FKYI6lrh6rwComftIALzFa5JWr1qMaFofT9BrMVbpzJKB+r1kcjItrKcsjEDGPHqN6dtPGWuP55H2AzfHLeb5PCsdvCx1mbTO3nHUmr1Om6QYZ5Xu13Xi6rr5HSl7oad7i5sV/d17utzZcMLRsAHCyNU1SfWtTqdQqz/MneXbezW9mj4AsFgSSgCwNvkr3MOP6dUvbcqpZA9xHsq2gnAxYG6V82P3Cy9PpjUThhF2uBvYey3b1DnjuWrODdZLL9rLa6j0zUR0EmoULJKikht+Kc2M7acucQwOdx6rY91rIwNo+gUjUpMTE6luNC1+u0CoMunyWa7/AJsTsskHyP8AVeq6D1ZRdRM2QH8PWgXdSyc//gH+ofuvFrptkcyRr4yWOYbtc02IPut1bzVhNdvoLAN7p+Za18ey4Lp3r2CqbHS68RDMfS2q4Y4dt47H5C7c2O1zbOa4XDgbhw9we66YtFvTTMTHtkh+7sAPhHHPuqGyADH79k953ZN1kMoHIsMqQNwf7lUtJNrlT3W+nsqTMLWuIdnFh7Kxrmm+0G/HKxi87hc3UmvHHZVj0vuTkKcfsBkqjc08XB+FNpHuVEmV235ykR3F0ge3CkD3DgCEOkTYC+bqIJ7juh1ie5Ub+xWXZuEjfFs/sq+L3zblT554SdcC2bIbVE3z8WsqvkBTzcm2FF2E9iiQfm7lY7zZZUlrDaPrdUPGePhSRjOIPyseVt+6yJByVQ+9wsVY7ha/91AgcnJVrxzi6qIwg2LRg3VjW35UQLGxHKsacAFZKm0K0WHIuogWv3Ur8WuVIJhO3upjPxhQDb4BweMKRGOLqoi43NhwpB1rE/ZItGSla1r5CKs3dgLfKhe2CEXsLWQ44wMoIOcNucOUHHmw5QfzZyokloxiyJ2g7OPZQLiDcpyEZPKoc8c+6LpIyHnlRLv1US42z3VbnfZWEmNrXHA+FU44xe6N2FFx7hZJoPNx7JE/FlG57/ZK9ieT7qLpK/soPPseVE2Jv+yi4m/woiQPfKluH9Q/RVhx972S3HdhVek7+wTvf/woF2ObJF1rWKCZdypw1D6GqpayKR8PkPPmOjc0OMT2lkrRuxljnDKoB+b27K2KUMkY543hp9TQbbm9x9wSPuteSvnSYZROpfQPhXp83XvgP4jeGsrJTrfS73anoUWwANLnea3YW3Lts8brm2BLbN8eS/xKPqbRKDVqZ4ZVCIP3A5OMsPyDcfZb3/D51hJ0N4xdKajM9jaTUpj0zXP8lwaGzFvkvBIt+dsJ3EW9TiQFovEnTT4WeNXWXTMrZP4cNQdW0W5gZeGo/mgNbgbWuc5v2XhZsfnWJj4ezxcvhbxn5dR01r7Zms3MeJ4mhp7WHuM5XpmkanT6jRyU4AbJYtIvgrwOKd9PI2s0wskaMkBtyB3XY6LrbamZlRSEQzt9L2E8ryrQ9qlnT1RMbnxv5BI/Ra8Mde45H3Wzq3s1CHzowBK1tnC/K1cFRnynH1F3pJW2sN3k3NK0EMP9QC3dPTxyWJBu3iy5ynmJ4xdb2meSyzn2uAbcEfdT02VhlCm2bpW+p7QTtcbZWCxrvxDWMqJWscDtbcEO7nNsY7LateZLSNy6xvx+qs/hTni7YrteGytYHFoz3Hufot1fTG8flGjg/lsbLIXkXtsxjsFnACMNabkAKAp/LY04Jt3FgFY64buvuNuLrXbe1iNMSolLWHI+p7LCzfeeTys+oYHWI+Da2Vh1RLml5JybELWz9ISO3BoaOD+isikLBhtyWkX9vlY7WuJGw3ucAq0kROycHAPsk9MWu1evdT0Mj6YgvF9xPt3t74XMVupyaX/hp6YDJGtbrOqa3qr/ADGlxcYnGNpuMBwDri+PurOoqzzKacOuG3IaeLm+Fhay6PUP8O/hTHTgvD4eoKXcyosN5naRuYfzHBwODlbuPGotLzOdPVY/i4afTRqul+EHh/T07qUVej09XqdQ2lc57mVdRJOXbRlzWws3EjnH+ULivF/q6m13Wq52jthgo66cljKeMsj8iFzg1zWngSSmR9vZrPZdd0/UGmq4dcoTTmWg8M2vpnmaSmdHUln4ZrmOi3Xka4uI3FodYg2K8O1iYS6hK1pu2FrYGf8Aawbf7gn7rZx8cTmmzzLz40iIYL3WuFjk7zkLJo6Or1Sujo9Lp56yrkNmQwRl7z9AFstV6Q1vRYzLqWnSRMbbc5skcm3/ALtjjt+69WHHMtGAdwHJ/uur6e0h7aOaumBAZJ5TR7n+r/Rc9Q0E+oVMUFI0vnlcGRtHJcV63qWjM0LQW0EJc7yGEyO938k/OVozZIrGvy6+Nhm8+U+oaqkZDSzN/HtppKCrHkTtq5ZWQN3AhsrxGbnyyd4wbW4XnE8TaeomgimZUsikcxs0YIbIASA4XzY2uMd16RUv2dPyS79jw0WPK8zvcqceZmJiTl1iJiY+Ra/IUg3umBdSXU4Fdlv+neqqvQZNlzU0R/NTudgfLT2K0dkWusomY9Gtvb6DU6XVKZlRp0okida4PLD7OHYrMLsYC8S0nVqrRaoVFC6xIs9hy17fYhd/p/iBp1Y9sdZDLQOcQNxcHx/c8j910VyRPtqmuvTs2uwPft8KW+1geVisdva17C17HZa9puCPgqTn/dbWOo+WQHX45Vsbgcu4WN5h7DsptOMKwnTJxa/6WCsbcE3HZVtyLA3+hVsbxkO5tZE1CbbgZ4CYwTbCju2nOEt1we3wrpdQdwLWwkTY4sEgb8nKAb97/CumME0Fp/spAE9/1SyCdqNx3Ed7WRdK3Cx+iqeTY2yr3AWuf/lUuuCQOCFielMhsDjkKo5BIVzmuziwULE88BVjtjHJsTcLGdg5WVIbHCpeSRkIMV2QSVQ+5Hb9VkvHtb7KhwINxhSWbYB3BPKm03UGtxc5Uw3JATQvbew3EH3upXFrKtgtbuR3Vrhi98FUTaMixP6qZIzjAVd8cYUr2GeUSJSuLZvZIEY/3SJxg4Q4h1gUDdx9VBwwbqQGMdvdRcbj59wETUqXW7YKgTb/AFUzg5vlUuIyP7opPyDY4KxnG+PZXF1rgY9ljOOM/qEDucHlVE2BJupE49goPcMBULcc3wouvjk57JFxKW6xz7qiVyBbHKib3ybBRdYH590bsnbypMmkr2cCPZRPPKgTnv8ARRL7YBUNLHX+qVyLElRLu9+yi5x4RUic/wDlI4N+FHd7pbsqotLvjn5UmnuFSCCcJhwv3CKyZ5pJNJ1SDzmQyzQRfh6h5cXxzxPJh2Ov6LFzhgf0j2Xrv+KqhqfErpLwp8V9Hhi83VtKZQ1sjXWkdPtLxHa1vTIycfNwF5BTSsbN/MB2PDmFweWbdwte4BOL3sOV7P0lHP1P/hN676dlP/HeH+unUKdjRbbEXicix/8A8kfdedkp43/hLppbcPnnp3q40z/w1bG5kzPS9hwT/su/g1CJjWVNLKzdguaHXP0XJ6xpdHrNhVNO8f8AKnjsHtH17/QrmKqXUOlHxiaZtRRyyHypWna82HBb27LlzcP/ALoduDma6s+len9ZirWNexxvw7GOFlVsIExkYBtdyB2K8R6O62pXVTYKlxEUpBLAbAH6+3wvXP4pFUw3p5mzNdgWHJ7D6rz5pakvXplrkjcS3VCXOYS2+4OsFt4pXB5GBcEH4Wn054G25uBz7rOgq2PmqY3NLRHEHhxIBN+SPoVhLtpfrt01DucW7cgWaflbp7S8DzHSMjZm0biMfBGVoen6mOaOZv4uGKaNrH2eQHOa224BuLgg89l03mxRkCSWWGWa4ZtjLrD4cOHC6yiFtfY8l8bGiYF0IaS03zfv+2VRU05D3lvqa2x3Aduy2kc1M0xwSGpyNhgqQXb3AHJtcXIBzi6xa4btSfS0t3ucyP8AlNx6gLABZ2jphW+pamSM7buFjfstfVMdMw7eL2v7LPbXMmmMYcAWu2FwN2l1jwe6wRVRmR3lkC/qJ4v8rTMMvOESBELuBbbi/ZaLWtVdSwSujGeX9/T8KWvaoKUslfO4Oc9sRicBbJFne9x7LwzxF8RJqeqmpKGoLg+17C2fkpGObTqHPkzxSNyu6m60pXM1J1CXA+Vus8kXJOBY8Xzwup6A1iPWP8OT3FhfV9E9aMle7a2QtpK1hbYXI2AyWu74OCvmrUtSdWySOmc41LzyCA0Dv916Z/h26lo9O6l1jpLXaqODSuutLforpZg0xU1Y5wdSVDwQQQyUAG+AHknhenjwxSsxDwsueclty6/Rofw/hlr+m+RHHJpdfBoksz5pxI6GavFTC1g3eWAW+Y6xGQ33XjHUOqnrfVJNcqaGi0ZkjI46kUjdgqJWts6VsfAc613bbNv2F17ZQwatpPV9HodZT1dO3qDqPTdP1mh8iKU/i6eSSOIEPDd2ZHNwWi9nA/lXgOry1EWpVsFVAKWeGokikhDS0QkPILADkAEW98Lnwx9O1p/LbXH9WfHemXJr1RBp/wDDNK20FGT/ADBCA182eXvHqd9L2+FrqSR9DIX0zzE5zC15YbbmnBabcgjsqGjuVsKaglrKiGmhbeWTa3acG7j2H7rO15mXs4sGOldaepeG3SsemRnV6tkf4uRgFOxo/wCUw9z/ANRC2HUzP5E7Tw5hC6XQ6N1NpovYxhoY0/TGP0Wg6laTHLtH3/sFw3vNsm5WKVx01EOF1kiLpcSXy5rWW/VedgZK7fq2qEWj6fRAHc8l7u2OAuK4cfZepx41XbweVbdohNtiPZNQJ9lNpuurbhItRaxU1E2QLsqyLFWWQW3GUG86X6lm0Wsijmkc6ge60rCbho/zAe4Xq9NPFW3/AAM8NU33ieHm3vYZXhD2gKcU74nbmOcw/wCZji0/stlbzXpjNYl7zci4ILfg4U2OJ+3uvIKHrPWKIBra98zB/RUN8wfqc/uumofEmGwbqGm2Pd9LLa/2ct0ZIa5pL0FkhAGfrZWtNrHlczQdXaLqMjWMrPwsjhhtU3YL/wDdwuhicHAO3NIIu0tNwR73W2JiWOphkEk2Ls37pF974SD/AOnGPlInNzi6yhjpIHNhY/dIn1e/uk0G+eOEY9yLqrozxfhBHFjkpHLclOwv6VJET8nKiRbPKmfUO2PlQBwQVPYrfu91U4uti31VxxybYuqjY5vlQUPsqHnke6veCRgZ+VS8d7WNlTbHdx7Kgj3V7xbjKoe2/f6pobAdlYLbr+yhbi/6BTb7j2si7Wg5A5U7YwP1VbcDObq0G1hzhYmzGPb4SuL/ACgEkm/HuhtibkdlQyDY3tzgJ2xfnHKg43FwbHvhG4EW7oh7rXsUiD8BRLgGiwA+EX+LlU7VyHFxwOVQ45NrK2V3qt2CpeB37IK3Eg4H6Kh9z2sri7myoeSqETi1rKp5uCpXzxf5VZ4Km1gtw4S3djn6qJOeUXuQidpEc5sonAIIBSJ+llHB72QIm4v/AKoORjgKJ+E74A7ptdFfHKOxKRPN8pZt8JtNHnjH1SFs3uouJ7898IyWnui6Tabnm1kA9uVG+P8AZIO/3RNLxkHm69p/wz1Y1DqbxL6VkhbDT9TdLiZ3rDi6SCQRG2/kllS42/6V4qHZBJ+69N/w6ahJp/jt0q6OXyxV0mpUmcAl1LI9tz2G6Nq05Y8obKTqXmVHHI2ngp5ARNEDA8Hs5hLDf7tK8y6q1Yapq8jo3E08H8uHtcDk/cr0jxArP4HUdSsicWzO1aqihubn1SOLj+h/deNOF8dlovbqIZVr3tmUkz2uBY9zD7tK9Z6E66c1lLSV8jjJTPa5od+V7Rf/AHXkFKSZA29iePqstpmppNzQ5rmi9+4XNasWjUuvHe1J3D6/oNXp3QGdj/5dgSWuvhXVmp074GzucDTtcGPAyZGOIa630B3W9gvCelOsW1NBJpNTI1rp6d7I3b7Xfb++MfVdAOppqXRn1UTD51GGMcAy4iu3buI5bcXz3K5Jw6l6leTuPb13Sq1tLrlEyCqpgBSSNjLyNsjHPduZnIJDL/AIXZ6JrMBbJpknmFr3ufGHyfma4DF+2AvnbTusm0k9E6kMMsVLEwxGqbv/AJW0jYf8xJJsfpddP/63MzKaooWUzYIWvMcjpHEztLQHNIIxZ1iLZFilqS3Uz1n3L2av1ueBrjptTFL/ACLMicQTvDuCOdtr3J4ssYVbqSk1HU4zumc5+5rvS584AuG+1wLgcWF+68x0vr2g0qTUGVjzM2KWKn81rhubJYB+4j+n1DI7rj+pevYZrw0j/KpnSPjmPmkudk7R8DaQsYpaZ0ztnpWNu3oOq36rMHSSyCjpxI+eb8rQ1rc7fcZ5W3frDZaal2TN3TSAMduwWBwu76Wx9QV4nq/U8slJVVMAZBS6iBS0gBIbtYwB0nz6gb9lrupfEE1VIIXF8/ksYyhBcAYQ3ILrDNyXH6uWz6MS4/8AFadZ1/1x5cbjGGOJrXeQd9yWgEfp7LxKur59RqHyPeXyk3Lr3uVCtrKitqHz1Um+R5Jv7XRRzGB4mbbeAQLgWyt9axjhx2m2e2oUmnklLnvYAT2HuoMpmtJEvqvyFnF0j22uGj4CqETg4e6x+o6q8WK++30F0/1/TeKdFp9P1NNRxeIFA2CKnqq94ZDrrYreQZZHeltVHta3c7EzPSSHBpPCeO3SsvTfX1ZUOpqimp9XArWCegdRkSuxM3ynXLAJNxAv+UtPdefiB0rXM2bgRkdrLcGfXupq6nhnq9R1yrjAZC2onfOY22AFtxO0WAH2C0TETbz+XVjwzSft9NVSw+U+OSUA7XNIY5u4H2uO/wBO69l8PPDuenjGr61EY5ZARHGRZzR3J9icfbC2vQPhjR6G+HUNacyv1ZtnMY2xipzz/wDhO+e1l6XI0uNzYHt91yZcseoelWJ00VWwNhbHHtjAvtAK4PWyXyTEYa25aAbi9v7L0Ctht/McBi4Btn5XDa7GGkyWADM7SbYGT/Zc1PbDJ1DxrqmdsupuiZbZTMEeDcE8k/qtCeSsqvm8+tnkZ+WSRzh+qxjzc5uvoccarEPls1vK8yYs4JgWSabG3YqePotjSOUkJEqoldQc9BKhm/upsBuoqVvdKwugQNlO9wo2SyPognuIGFvNC6u1LQW7KKVroCbup5m7mfb/AC/ZaLsonBum9eh61pviXps2NSo56Fx/riPms/TldZR1dNqcbZNMqoa1pHEUgcR9W8j9F88g2OLhWxzvikEkbnMeMh7HFrh9wt1csx7YTSJfRBOx1nYIPB5TaB35Xjen9f67QMDBWipiHDKmMSf/AK3P7rbf/jP1Ats2g07dbksf/utsZqsPCz04mxJKiC0N+68vPiXrLrgU+nN//sE/6qxniXqe8GopKCYdw1jmH9QVl9WqeEvSt/Pzyo3xe9hZcVB4mUsgDazS5af/AK6ebeP0cLrf6f1JpWqv20lc0SHiOYeU798H9Ui1Z+WPjLaXJB9lF1g29lY9pY71AjcOPj3VLu5tn2WRpB9hYjuO6x3C3Jysg3cOAqn257oumK8WVbm3b7rIdk5tZUvuBjhVF5IA9X2VjOOVTuyNysZYlY7VeBzbPdWgEDOQVS2/F1PdcZyhpYCc4wgWwbG3sohxAJucp3t9EOicPUR8qGLm2FJxDT9e3uoEi6qpfXsoOf7YKWLYKiSCUSZReebFUl1xlWkA3A/VVOwP9lTaotwSFUQR3FlY93sqXuvYm6qbRcbXzZQ97Xsm63Y57qJBP6KKiTY+1+6rOOFK2TflQcLImyv27pX+eEiSkSBn9kUOIulcEXJUMkKOLoLHEbb3KiDfuoG5SuVBInixt8oL/ZRLjm/dInlNixrvdDbg44CiwkhSDiAgsGcEr0fwTdLpHXtL1PJPp9HSaDTVTzNqMpbE6aaB8TGYNybOecewXmocD+ZafqDV26fD5MJDqiQekchn/Ufn2WFv2rX20/XWqjU9Uk2EEebLM62RvkeXH9BYLj3CyzZQXc5J7lYrxZcUuhWxxY9rhyDddeyjbXUbXsdsc4XBtfK5C36Lq+mp99O6I5LHYz2Wq/Ubhuxam2pamdghc7Y10bwbWv3Hf7rY0XVGoQiTy618MronROd/+VjNrxuP9TccFbCv01k93Wsfoudm06SF5AG5qxreJhstimGdFV+dT1G5zGPDh5MVjtNySQ0g3YP2Vo1GohoDS0X4l88tn1fpIEQBwxv3yXfQLS+TK0Ehht9EhMb7iST85us/KGv6cwzP4/WbTF5m0Oduffl7gbgu982/RXwaqySpfUaqx9eXEu8sP8tpce5I7fAW76Z0mPVNC6iq6nfs02lbOxwYxwdI54YGOuQ+xBNi29iMrl5oPKlcyzbg/wBJuPdWekiJmdNvqGpGujkmkmYHWDaeEH8o9gB6WMaOG9yVpHbiTc3Ksawngq1sHcg/Va5tpvph2pIcWtuDY+/dXwQucRYK9lOXAX4HCzIYwHsijBkkdazGC7j9AMlabWmXq4cEU7Rip+ABcqUsbYgHyEAHjK9N6U8GOpeo3RPq2R6DRPIO+qG6VwtyIuf/ANIhe59JeE/S3SJZNBQ/xPUmNH/F1jxLI0+7WkbWc9hf5Wi14r7dvhDwXobwf1vq7yqivDtF0ckkTTNtLKP+hh4x/U7C9moujtO6XpPw2gwGGO/5nG73/wDU53cr0c05LXS2dtxdxdz8LXVMeCLXd2uLfouS+S1mUahyNNEWelrRcnHa597rKcc+qzrO7HBKzpdPdH6tlw4E/FvlYLo2RANEjnDabXyQPZc8tkS1lbd5te5+cLzrxMqI9P0GeRt2vltHH6skk5/a69HnYCTubuNs4Xh/jFqol1Ck06EbIYwZi05NzgXP6rdgr53iHLybeGObPLnHPyoO5B7KTyL4sVEm9l9E+VFu36Jh25InaQVE4REibKN1Em6QNkFgynZIH5TugFHumfhROOUDHwg/CEX9kABlIp/dFkEBzynyEjzhMGyAsmHWKEiEFzX3HKmHY7rGDrZVgk91RdvDeSk6cEWcy4+qpJUTn6JsdPofWeoaRtjZJ+Jpbi8ExvYf9Luy9R07UqXVqNtVRSeZGTZwOHNPsQvBu+Fvem+opun67z2ME8Tm7ZYXOsHjtnsR7rZS+vbC1d+nsbnAW91W4XtwVyFN4iUElhWafUU3u6KUSAfYgFdZDLHU0sNTTv8AMp5mB8brWu0rpraLemnUx7RcBfGVjvxgjCyyMG/P0WM4HN8kLPSIAkkk8q1ji48WCpdcnKmLHssGTJbe+eVME57rHBtxyrWmwugubxjHcKZJIyeFjjLuysDznKbDyDdp/VVvvfhT3X+6geCebopX9sXUXD4unbsq3k591UJxsb+yqkNvi/srDmxP3VTi4kg2/VUVu4zj5VTifupO47KPcY/0QVk4vfKiTnlTLcYGFWRZD0RNjfkqsnsebpm4PKi63c59kNoE5t3soF3JHCZAObJO/RAr2KgXpO9x2Ufa5URL6lIXUTzhIuIsi7TJSKjux2TvwmhNvHKV7FJtj8Ji2b3/AERO1dXVMoaeSeS3pHpb7nsF5/VTPqZ3yy5fIblbrqKvNRUCnY4mOA255d3Wh/qXLktudN1I0hILrFkblZrhdUPYtLYxLZW66fD4XuqLtEZIZ6jyVqC3K7HoylrKqHUDpdXp9FNSadVVcxr6yKnbNAGta+KMSf8AMlO4FrG+o2NuFhaNtlJ1O28ig89pPNvb2WNU6UbbgLj3WdohbIyM3DbgZPddfT6Z58FgLO+AvPm3jL16Vi0PMnaXKw+lpHyFgS6CZS53luxyRheyP6eY1uxwZe1wHNOfoQFS/pxsT2v/AA5LSbZeLXtj7LKuQtg628OlgAihfENwjmczdtzfBGfous1DoyWpbSaj09HK2gnvE50zwfLmDQXtBHaxuL5tf2U6PRnw6HNHUzuijlqjvAs8F8RdtcAPZxcDfs4L0mCCaTU5tMo6X8HQxOFXU00p3NjneC30EEkCwPOfddttxTbzcUby6eYweH+rSODWupt3AAkvdbaDws1uXDn07W39Tg8G317r1en0bZKA1zC09xnK6Gi08t9I8q5x6Lk/XK8uc1nvVxxWHmmh+DlIJGS6tX/jLG/ksD2McPYkWd+i9l6R6e0zQGMOh6JpumzO9Jlpy+R5Hvvku4fqsSOhkZIdsb7nIO7P6rcaaAXbCx5HuD3+VrnJaY0zjXuXSQU9n7mQFxIy5xv+iy97mjy2OLADc4GVRT0zQB/J2tPJa83KzRtaw7WMZYWce9lqbNzLEdE53+drnWDd3pYPr3VMpjpy5kZEjiPU9wuCfi6vnmNnNYcEWu4Z+3ssKUAt9f8AUbD3WEztlEflh1sPdo3l2SAVoix+XAAk8Y/Rb+sIa1zWnIG1u3K1lREXxs2DaQGjINie5WDOJaisc9kG5jvUXA/IIyP3XzJ4jVP4jq2sc4327Re/c5P919M6nvDJIYcOYLk9w4L5U6ucHdSantDxtnLSH8gi17ru4dfv287nzrE0Mjf/AIUBwAeVa4i+eFW94Y2/YFe1D50nXtYjhAyFNpa8AgggoLdtiLEe3siFtuolllMG/CZ+U0KbFqe4qw/CgQgA4KJOU9qRCKkOEXS5TRAE0v7poqJCipkXUSPZNIYTIuohSCaELIVnYj3UCE0FdSBS+iY+UD5U2BQ4VjePhAw/aeP1W86f6rrNEe2Jz3VFAT64HG9v+pvsVo3C6htysomY9JqJe5008NbTxVFLIJYJG3Y8d/j6pEc+wXlnTfU82gymNzTPQyOu+G9iD/maex/uvTKDUqTVqfzdNlbM0Zc0mz2/BC66XizTaJhC4PCe75VZOPnuhueCqL2uIvbhTDiQMqkWI/0Ux2zlE1K4ON7jhWB+FQPyqTSb4wqaW3skHY5Kh7c/RMEFQ0lm6qeBm2LKbT2tb5USQqulRJ7qu5vY8d1Y/GbKpxHOPYKsdKibn6KLvkghTdk/3VV0NGHDN7FVOOT7FM3thVk4VNE+18WPuqzk3Uicfsou/KD8qL0rcLfdQc43srO/Kqcef9VF0ib54VZNj/upnHx3Vbne/KiAusP9Ehc82RzwLlYlTqlJRXFRO0OHLGep37KTMQvtm8YOCixtgEj3XL1HVMriRQwtjH+eT1H9OFqamtqar/6mokkH+UusP0C1zkiPTKKy7afUaOkv+Iqomn/KHbj+gWkruqSbx6YzbfBmkGfsFzgZ3tlTaPV9FrnJaWcVhY8lxJcb3ySeSVX3VgF7357KLc9lrZIkC2VW4Kwtuo2zaykjHc3K6Dp+bRIYa9vU1HX1jXUM408UVQyLyqw7fLfJua7dGBuu0WJuMhaR7e67vwpr9Zptc1Kn6e6r0npF1foldS1dVqzg2CamMV5IL7H+p4b6bAG4wb2BwmNs6zqV2gnbhwsL4HNl6PpD2Bgsz0gXO3t/4XnXT0LfLic2TfeNha8c5AOf/fK7aic6AC+5r+xBxZeXm96e3gnVXatDzCA0l0NwLuI3Mxe3yFmUsML5Gyyws80C7JQ3LVzlNUAxAA7W2A5yCuj0qpcZAypleWAEgtF+1uFo7djzTrhlHp3itW6ZQadNU01fR07q+mZ6jUzGPzNzOCACGnnO0/RdL4WUc2qdEy6prMwfW1GrTeS7bZ8sLGNbcnjD9wH391w3jVrFFp/XtDV9OzVra+Ojh/HVDn2Z5rRtDYgMtDW2Dsm5J4XofhDW0NT4exUtJXVU00Uz5qijqWWEEjiPMETh/QTZ2059V/dehbc4Hk01/ipdTT0VM14c8GQj/M/F/ewW/po4Gnc2CO45cW2t8LTxtZuuInuHvdb6mJjaBfaG8A5XlzOnuRECeRgZhhc73bawCxaKtLKpzGylgB4AyfhWVYjBuY3uvztfYkf6FaCoMjZ4PJf57r5a921zG/XupvaaiHolLMXhgD7EYIOLH3WSZN52OvI8+x4Wk02YzsjY5jHED19j910EMDQA3aAbZthY7NaYkkO697t+L5VZp2tLi4C1sBbExWJ2i/tYKBjs/cMWGb8qaZemmLGANdbngfCxKyIjaW9rmwNluJ4mtsQbvPqyLLFET6hxELRud6cGwH1PZNLv5cnq9LVVMLNO0Spgj1/UfMZp0b6uOmc+ZjXP/PIQxuGOsSRc45K+PtW1ir17UJ9U1Oqmrq6vkM1RPMbySOPLnH3wvYfF7rLp3WYNc0SvpdSh1igNMzSJKYwmmnk8y85qWvu8N8s/yyzl3OF4tKwbvTj2+F7XFx+Ndz8vn+bl87+MeoUuAJ+9lj1AuSy6znWibucOP7rBaNzrldkvOUNEkGW8dx7rJZO145z7HlTtji6okhBy30u90GRYHP7pWWM100dgRvA/VXNm4uxwU2iy1zlG26j54HIcB9FH8UwHIP3CuxMtS47XURVRHvZWNkjeMOuUgQx2R+6m5lhcKCBJgoI90G1kU0kwi10RFF/dSISwgAUWQmgRCAMJoAVB+6sAUQFJUCMpgJoI2yraapmo52z0sjopW8PabFQsi11B67e4x/ZMXwo3AGMJbsWXa0LgePdWXwRz7FUB3thS3WsOEFjXG2furA79Cqv6jZG7A5+6G1wfe57KTXA4VAcfeylkn2RF265KRNgLYQCAVFzjyVkiuR3FyfuqXG/wPgqw3v8AVVnGEVCxPP6qt+OeVYScdyqzccIntDgG5uoGw7qZPuFAjBPdBWbE+3wEuOyZHvhR45RUHWN+yqcM3vdWHnv8KtxPJ7KBG9uf2WLV1ENJEZah+1o4tyforKmqio4XTVLtjAMYuSfYLidR1GXUqje4bIxhkd/yha72irKK7ZGo61NWOcyIGGH/ACg5P1WpLi2/H6KVlW+65Znftu9JAtPBsVIBVNOVcCoGFMcX91E44UhwqFZHACV7nHYJnjnlAiC5pcOBgqu3dWMYbk3+yTgN1mm+M2UFdrrpvD51GOsdJh1LpifrCGpdJTN0iGolgkqZZGObHtdH6rteWuAHNrFc6ABlX0WoVWmVkFbpVRLSV1HKyopZ4ZCySKVh3Me1wyCCAQQoyeq0em1dAY4a6ik0+shaIKiCVvrjlYS17XDkG4IsVvI4C5u0EB5FwPj/AGVukTaVrlZW1HTUmuV1BNIJ3V2tbXVVTVSN31G8suCRIXZuSQQTysuqpTC+7Rh3FhgLyMu4tMPdwxukSxaXcLg8A2A7g/6qHUupT6bpQmjqJo4i8BzIg13mEeqzr8NuAfk4WZHEDsdJD592m7QSL/oeVwPXWla1HRyB1QP4fI0SGOSVpkDW2F34Fz9PbhTHEWt2zyWmtJnTzuZ0lWZZ5AS6olLnPe3O4m5z974XZ9F6xqvTNeJtIp5qkSeX+I8mQtE0N/8AISBcO4ODyOCuepqWapft8/zI2NDow2xJYRyAcDjutz0+PLmZVRUFTWNoxE/exodD5oduAkDr3a4Bwt9+y9WdaeHWLeW30jpOt6frrIpdNfUNlmjEraSSK0tjyLXzY8m+F2OmUgcw7w/FjgXsvL/DPUY30n8UlgbTwTQMinMbiCHEu/KXYsCQCMYA7r3PTyREwPb5LgCA02BH6Lx8tIi2n1OK02pEtRW0EYiLA8H07z5xte3YH3XI6hTBs94rEMddzH5LfuvQdeqP+ELZ33EkdiDnIOBZcAI4pXFz2vLwLgcXN1omIhsrG3U6aZdrI5Wxl7rEkt9QFux9l0MJB/Nf2Wh00GmZG5p2PcLXByAexW5ge0PIkdYDB97oxmGS4C2PV8DkKkuOWyMseLjKvkkZsu13lt7ude5+gWm17XtP6W0ubV+oa6KgoYfzuluXOPZrGjL3HsB+yy8WEzER2tna5zJXAFscbC+SR5AEbAMuceA0c3K+d+tfFSo6x1D/ANI9AVsNFBUymGXV5JfKFXkBsUV7bWucQLkjdfNhdch4meM2qdemWgofO0jpvj8E1+11SR/VMRz8MvYfJXNdDaf0pqtRqsPXOsVehU0WnzT0dTT6f+LYahoHlxvZfhxxf3sLtvcejh42vuu8jkczy+2nr8srxNr+saLUaTo3r2dzpekXzUcFMTDJ5BkeJJLSRj1hziD6iSOMWsuNc4E3VDbeW0kWLgHOt/mPKUsoA2tNyeSu+HlSjUS7/TwBwPdRY2wUWNLjchWWtyqg+qieyZKiUQrXTsgJoFZI55UkrII7R3AKXlMJvax9xhSTQRAd3e4hO/6J9kcIEhP7JoEMJ39kAIQCLXRZO3ugjwmMp2TsgVkwEKVlQ2jHyg/ohCoOUwPdLhSCBhCBhNB6uSD8lBz2Kje3BSDrldbRtY22cWVjbbSqQ48BSBvgElWDa0EX4H6qVrtJtwqSQDnlSDscoHut9/3VjXXtuNlTfJzym24Pq4URl/8A4SRt2OVS0m3wpg+yygN7b43Kl1+ysccZVLnfBAQRcDm6rNgOchScR2VZHf8AdBHHF+6g834HfCk64/8AKj+wTaonvc3VZPAGPhWbd2Geo9liVVTT0ZH4uoihdyQ6QX/RSRbbnCxa6sioYHTVJ9LeGg5cfYLDl6n02K+ySSoNv/tx2H6lcjqOpTanP5kxs0fkYOGha7ZIiOmVY2NQ1KbUZg+U2Y3DGA4aFiFJFlzTMz22pjhVOVh4UHKCDeQrm5+qqAyrmnCCQycKx2AVWzvdN8gbknACCl0widc4HCmJ4WtvfH1WumlMrvTwFWWFTas2WvBwwLFNS7cCCQQqiwn3UhE72U7kZLK2/wCdv1IWVE5sgu03AWtMRCnA50UgI+6D1Twy6sOkVctNqmrTQ6fSU9RVadQNjdIKmtl2RmNoAwXAA3Jt6PdeqateLbG1puQAQRYgnkW7ZXzWx7mPY9ji1wILXA2II4IXsXQert1fSxTSCZ9XADJUTTTb973Otjve2bZXHyMe48oelxMup8JddTwk7WW3X4FvjKzNR6fj1TTqYTCRr6SUzsbEQC8f5MgjtfhYsLZWvuLtI5XQ0M4ZLuuS0WtftZef3HcPXiInqWjg8OdBqRQF2nwujppZHTPijLZ6kyG7Gy5DWxjjcLWvwuzqulYzS1IrXadUaZVCn/EU1TC52x0PpiexjCwOc1t2gHgG9it3p87/ACfInc8RNadrT2vm30+FiVlQI543Odu22Lf+l3uspy3WuGkT6XUWmwULHwUkZjpZB62vI3OF+44vbvZddQ1gEJBBL2jJLbk/Rcca8OALd9r5dYH91mR6nuaSJhuBsQTYNH27rCbTLqiOtMzqGd8odGTvkvk7ruGOLrS0MbSA1zSZHG1rfkz3ROTU2cdxY7IzyfdZenl0DGgx3c4W3Fvytce2yY1DZMdZjzKA4DG4e3utlRO3HaTtZfaADkn4WuqGCK0Nz5hvuJNhhc71D1rQdHaRNq2t7jBEdsNOxwD6qU8Rt9vcu7D7LOImZ6c9p1EzLddeeImieHeiDUNRjlramo3R0UF7PqHgZ23/AKRjc62Oy+OOtOt9Y671d2o9QThxaLU1NESIaZvsxp7nu45KxururNS6016q1nXJGuqpyAyNn/LgjH5YmDs0fvyVoi+5XrYcMUjc+3znI5M5J1X0bnE8m4XS/wAXoKLoeo0LUOmKV+uVFbHV0esummjqaenAG5nl/kex54d8u5O22o6f0DUOq9f0zQtBhFTqmp1DKakiMrYw+Vxs0bnkNGfcrp/E3Xerq3V4OnuvqqeWs6QpxokFPOIS+mZFgsL4sSWON13GwGV09OOHCOcAcjCqIubfuVaXbgL490h7+6umIAthIlMpWVUuyRTS5UQk0sqVkAkU7WCSKRQi6PogBg4R9kfRMohW+E0J2QARZNCoE0HjCAoCyLJoVCAUr+6AhUH3QnwhAgpXSTCB/VO/uldCD1OxFghoJJPFlK+4er3wkCDj3K62nqTTabWFlEm1xdAcLjCGk7+r3U+AbC1yoXse6YN/90Yle2bqQdwAlg8JdwTm6KuaT9QpAZUGeynyMFVNBxJ+VBxKk7CiSLXVFRBv/ooOJv7KZIUXniyJpW4XNzclReWta5znBrWtuS7Fh8qZJ4HcrkOpNbMzpKGkNomu/mvH9dv6R8LG1orDKImZY2u9Qy1Unk6bI+GnAs5wwZP/AAueEdzd2T7lWOycc+ygTb6rktMzPbdEaJxzYKIFk0LFSKYUb/dMJAarcrFEhBFqsBwq7WKe5BYHGyxJHOmdtH5fb3+VeT6LX5RGzblBWIQ1PYD2VhR2ygrEYvdS2+ynhJBW6PCpLbHhZRCrey6iroHhw2nnst1ovUFZoxdTsmkOnT1ME9XTNsPO8pxLc2uCLu4983XOAlpBHIWZHKJhfg97praxOu30hoVdF1BQRapSwmCnne/ymPkD3el1rG3cYXT6dT+dZ7LFhtkHBXzv0B1MzpTWZaqaKSpZJTPiiiZ/VK4gNv7D5GeF9TaY2GUfzGWlYdssTvSYngepj2nLXA4INl5OfH9Odx6fQ8TLGaNT7hsKGnmc0Eljja5G7j4Ws1GGR8mQLNJP+66Snja0boWF7TkgYt+qhWsHlmSenlha7A3swfuCubb0Yhy0DnRG7XOuBggcFZT5JH+Xdlowb2LbX+SsqOJjJJHRRPfGHWD7Gwd/ush7Ggu3N3HcA7OPeyfDOI7VUbQGF72ku/pza31W1omsZJvNnFtg0uJs1YFLCC+7gHtsRa2AeVkGSIv2zPAa4gtDP6j8nsFI9s7+lfU2u0Wm6fV11dL5dLTxufNKbX2+wHcnFgvj/rTq+r611p1dUh0VNEDHR0xdcQRf/wDR5J/2XU+LviIzqitbpOil/wDB6OQl7y6/4qYY3f8AY3gDvyvNGuawHcNzu2bBenx8Ovul83zOR5T9Ovoy2Pbc73e5Fg0fdUEDe4NN29inK8u5KQNskgNHJK7nlup6L0fQ9Sh1+r6h6gj0KfTdPNTpjZ9NkqoayqvZkDnM/wCWXC9iRa+ey5i20ANvnJzm/cn5XS1Or9OydDaXplDoLoOpWVss1Zq0epveyopzuEcT4D6WOaeCO2e9lzDn7ibfdERdk4QmkTdBEpFSz9kkQkj7dk0cKhWTxdHdJQNJCEEU7I+E0CCaEBAwEfCOyB8IGEwkmFQdk0IRT+iPZK/6JqoaAhF0AhCEQ0FHwEIoTHCAhQeomxH+iL2Ngqi73zZMPzm662hP5um29zdVB1zjCnuxbshtdu9krqAuDjhMZ4GUFgNvukCOMlQBIcE7k5HCCxp7KwOx8KgH4srWnAOFUS3X5NsqDnG9kz7+yruQbqgPODYKBJPspE9xyPcKNrgkkADOfZUYmoTPp6GrmivvjiJB9u3+q82fzdxu4rrdd6mp44Z6Sjb+IfK0sfIfytv7e5XION7fRc2SYmW6sdFutwocouktLI0rovhI8oEfgJhFkwgPqmiyEBZIi/1UkroI2u1qna3dJo/VScgilymfhCAthKyaECF+6CE0/qgrLMqLT5El+x5VxRI0OGQguYWyN5vfjsvdfC7q/U+pdSodK089RdReIuta4DIJp6d9JVadHSuJJfIWvFS3ZfcTZwbkk2Xz/TvMT9ruLrOFnbbmxaQ5pBsQR3B7LG1YvGpbKXtSYmr7G03qiPV6Knr6Vkj4Zw4gTQvjLSHFpB+QQQR8LL/iIDt8oEjD/S2T0/deOeH+tiTp+PU4X6Noen6RHTaPV6fT17nVdfPLIXNrvwz73sCGuLCOCbECw9SijFQzzIJYS8n/ADWv8grw8+L6V9R6fWcTPGem/lsG6naN/lTQwMGQ3eXZJtZo5JUWVDg0EeaWZ3Oc3Zkc2VQoXAAyt23/ACkzDGPhDGtjtipmez8zeGtHyVo8nf4soziGF0nkeWHCw3yWt/qvMvFnrk6R0+7SaCdgr9VbZwj/ADRQDBdfkbjgW5yuv1XV49KpKnUKnaKakDnucTe1vrz7L5b13WqjqDV6vU64jzal+4NHDGjDWj6BdnGx/UtufTzOfyPo49R7lriQ2wAsBwqy66ZdjJACx3Tgm0YLz39l7Hp8otOVu+ltB1jqHVoafpfT9Q1OvhImLNPo3VUkbG5c8RgHdtAJt34XPsjc83kd9gvSukOn9c6c6J1PxM6d1ijozR1H8IiFLrTqfUKaaaw83ymgF7C3c3bfNy6xDTajQ+IHXWq+InVFXr2vuppKyZkcJkp6JlKJGRjYxzmMwHEZP6YAAXMAfZSde53Ek8kk3JSvZDZYwg82CR4S4RDRyl8p88IEhCOyBd0rKX3RZAuySklZAWSUrJICyLICaAskAnZMfKAQPoj27oVDTso290wgPumEk/lUCY4SKYxwgEd0JBQSHwj6JITYff2QElIBUelnJTNz2ukD7YQ057rpaCdzbhTbn4wonP8A5TF7+6on9ueyluxlRvkKVw4gHsgACeDZSvt4sog2Cd/uqujvfvgKxlre/t8KpvILjlWNP2Q0sJuSo4OOEx6j/dR2kEY5OERFwEYLnuDWckngD3XEa/1C6tLqaicWUwPrcBYyH/ZZPVetlz3UFHJ6G/8AOe3uf8q5YYK03vvqGyKoSNxgfsl/QPorHKpv5StLNBP5TclxhQF0JoQJNCEAhCEUXSJyg4QgkB7puKQKZ4REPqgc4QUBA0ITGMoD6oujnlFlQ0IsmEFT4wTjurYX3G13IQQouafzN/MPhQd94WMqazq2PTNK6Wh6q1bV6aaioYi9zJqaYtLhURODmjewMcfUdtr3X0ZoE1TW6FTy1rmyTxOdDUD8M1rmyRnY8SDlrg4G4918i6TNG2upJZaup09kU7HOqaUEywAOF3ssQS4C5FiF6bQdX6N4Z9fV0PSc9brvST5GsqPx0BhkqmbWkVAjv6Xgl3tuA4F1y8nF9SvXt6fB5H0L/d6l767+WCbQ5FvSyxA9/qsKUsMYJaxxubnzCP1CdJX0OpUtLW6fKyrpKhu6GWMEB7fv3BxbssPW9QpdE06r1CvIFNTRGUuB3Eu7N2+5vZeFqd6l9X518dvH/GbqIl1JocEu4tb51SY7bdpPpbfv3P6LyCSTyxxcnss3V9Um1bUKvUas3nqJC8j29h9hYLXtZc7n5K+gwU+nSIfHcvNOfLM/CvY6XMpwOwVzQALAW+idrcI2nt2W9xg3a1zmi5AwPc9h+q7Pr7TtG0V2h6V05rbNchp6EVFU5+jmhqKWslN5aebcSXuYWgA3sAbD3Nfhq3QB1dSzdb6VNrPTtHBNV6jS0+oijldExvLX3Bc4OLSGAguItcLndTqIavUKyophUMhnqJJIhVS+bKGOeS0Pf/U4NIBPc3T2MO6iUyl2VQFJOyAFAk+eyP8AZH15QHdCEIo45QEWyhVCQpJcopf3QnZJTSC1k8IRwgMWQEcICoLdggJoQK2bppBNAJ90YRb3/dEO3uhI3RZVQboCCmB7KB/KWAmccKJ9kDCldIDGU/ug9JvbkoI9hbKD6gEyPm4XU0F7hSb2ubKB59lIdvayyFlx2N0C1r8+11AfmU8BqgLoHwUHAuSBdDclETbn4KmD6r3UALKTQPfKyVb7G9lq+oNTGmae5zT/ADpRshHse7vstmL3DQecLzzqTUm6lqshhdeCH0R97gcn9VrvPjC1jftqDdxJJub5JQOVIDuoSER5cQ0fJsuZuWHKoOCflWtc2QehzXe9jeyi4d1BXyCPYpWTHJHwgoBH7oQgEISQNJPsldA2gE8gfVLlJCCQKf7pCyEAi1jhCEAMp9krJoDv7JpJoBMJIQSTAwkBwpBUVkFpc4NDzYgtPDri3+q7bxK1xut61S6rB0vR9JadXUFPJS0dDSywwnbGGPezzMuBcPzDB9ybk8a70jcDYtzdeh9bUPXOo9A9FdRdYV8tdoDRNpekum1aKpc0RkktbEDvjaA0D1XwG8AtvJWFXhn4i/8ApOtFFqckkvT1TJedseXQPIxI0e17bgOR8rq/GrqmKoo9O0jT6iGohqw2rlmp5A5joxhoFvc3P2XiJYAS5vpd7hSaNrDflc84KWv5/Lrpy8lMc449Hbc6/wDSOEyhoxZO3yuj05AAVIC/bN0YAytx0r0rqnXHUFB090zFFNq+oyCGlZLUMhaXkEj1OIHbjvwFUdE7WKvpbw6qem9S0Gh87qSpZXNm1HQ3R1lLTRbfLkgqHAFzJTcYFgGmx9RXCPyV2viZ1FrOqdQP0nWKzVX0nTm7S9Po9TrWVctHHGbOjMrAGvs8OsRcWDQDYBcSSoy2jZJNI/qqxFkIQUAhNJQNHKEIDul9Exg+6EB9Uk0rKgQmhAIQEIFhAwngICACEIQCEIsgEBAUuUBbCSZCV1QjkqQ4UByplAiUm5KTipN4URJNII7qq9KttSv2/spWue4UdubhdTRuB9eFOwB5SHfKGi3wi9JWwmL8WCX0UsgfB7FAxa+cpAcgXKlexStm4ygkBZTaMqLM/RWNIsqm2m6n1F1DpwjhcWzVBLGkcho/Mf8ARefhtiul60rA7Uaal708V3n5dm36WXOkArmvO5ba+mXpmnVesahSadpVNJV11ZK2KnhiYXOe88WA/U/RfT/hd4SaVplIJ6+Onq9ReMy1MAkYDfht72HzZebf4faMUmvav1AWB1Rp2lVbKAuF7Tvhc3cPkB2CvpzpBlM/SqWGPAiiYwD6BcmS2+oezxMGo85/o5frHwf0fX6KWHUNKgpKqMWE9PCI5IyRcEEAXBGc4K+ROr+la3o/Wp9M1H17DuimaLNlZ2cPY+4X31rlV5cMUnmHz49sJBJ/mQ5sP/wTx8FfMP8AiApm1dNS6hZplgm23A/odyP1stFLeF9Q7eRgrlwzfXcPArWegqRy4fVIrufOIoTJ91GyIZCQCAi4QBwlyUIQFk/7o+qaKE0kIHb6o5RdCIaEIQIJo5RZAyErJosqAKX3UQi5thBaBuHuung0TpmTw4rdXn6mDOqKfVY4YtD/AIc8l9O9ovN+IBt2cLEY2i+SFy7HWFl1XSmr6LTaP1TpeqdMu1nVtUoRHpdWzUJoPwUrSXF/lRgiXGfVxt9iUVyTxmwTI3P282UsPO8WtzzhdD0b0FrnXmu0midM/hpdVrxIaalmqBCZtjHPIDj6QSGG1yLmw7qQjnbjsi6AWyMD2flP7fCFQ7XK7bpPTNLb0n1Z1BUazoTdV06m/C0ej6pTSmSoM42Gene1wb58QO5oIdY5IFgVxG4D1OJDW5JHYd13XW9bo1Jo3T3T/S0vU9JFBEa7WtL1mRhii1N7GNMsWwC4dE1ttwuBtHukyOGI24BJycnv8qJ+iCSeUkAl9U0CyAS/ZM4ujsoEnZCFQDN0WuhCAQhH2QFk+UkIBBTKSAQhJA0ISQNMKI+qYynsPlFvZCEAmL5SAymqA8KN+bcIv290iVNhjhA5RfCQVByVNRbzdPuoJICSEHppdjCiD2ITIAPyEri9+y62kw0+6fblL2zdMn6Ih/3T+P8AVRvYD2Q3PKCWSRfhFwi+Er9wPrlDSYuMH9VYHMYd0p2xtF3n2A5VbbE44Wm6qrHUunNhiO11USwkf5RypM6jaxG5cVX1Br6uoqXcyPLh8DsP0UWOuwu7t5UdtipRxF80cY/+65rPuTZcm/lvh7f0Du0PTKIxnaXsa95t3OSD7jNl9A6LW0VRQ/iqRwopCf8Alj8jz/0/5V4tR0TW0EHkEF3ltLGf/lLCxaPYj91vtI8x7SIHzN7uab4P0Xj2yzW0y+wwUpbHFZ609K1fWWOpwZJInPeLbGuu5ue5/wBrrwTxhrGTaLPGHXIfGPr6l3tW90Vt5LndsLxrxW1EWpaAf8xzvNlt2twFnjnztByrUxYZiHmBGR9VEpuQSvVfHyj3SItdPlFvZER7YSOVKyLIIpgpHnCY+iATQAnYoosi1ypWSRAhOySAQhCAQi6V0DuhK6V0Dui5StdSDVQ23Jwuy8MOouqOmetNNm6E1I6Zq9Y/8FHL58cItN/Ly+QFrR6gdx4tfsuPaQLpTepucCyg3/U/SGpdHdS6p0zq/wCHk1XTKl1NP5FS2VheACbPwDg/BvcEXWFo+vVOg1EVXpZkgrmslic8AABjhawPP1XS6rpPS9R4daXqum65qGpdVsqBFq+nfwnyqakpvU2J5m/rc4tbkXvuNw3b6uKfBbi5A+UidEkzaG2Cai1pHCmAS5oGTdUdT4d1+n6N1XR6tr2l6TrOl6eyWpqKHVy5sFUGMNoQQDeRxIDQQRutcWutDq1bDqOqV1ZR0LdLp6qokmio45HSNp2OcS2MOd6iGiwuc4XomrV3W/hZ0PV9Da5S1emUnVccdfUUdfSRPiNMC10E0DwSRIXbw4giwDQRcLy4nuEUG4SvlCEAhH3SUQFNIlH0QNCEKwAJ4v8AKSL90D5sj9ii/wCyO9kgCPui6CT73QLshP6pFSAIQhX0oR9UIRAiySfCABUlHHdF/ZUNNK6V0Qv6jdL6oH5j9EhyVipkqQOFAm5UgqGMJjhK9zZMIGle6L3wEwEHpjsC2bKIbnmykci98pDJBXY0jdj5SDr8cBBBz3UeSoJ7rJgi1v0VZwRZHvj6oLXG/KLjgcKBt90f3+VUlaHAmwwuW6yqY3TUEQe1z2MeXAdrkW/sumafVcjHdeb1kj6yolnlJMkjiT/stWSemdYROclbzpHTDqeu0zCLxwnzn/bj91z8b7+l/K9W8L9KH4N9S4DzJ5Db/sbj+91xZr+FJl2cennkiHr3TOlsfE+nlY2SNzCdh9+bg9it7HTspIy5zDUO/pecSD6nulpMUkdIHxMEklvSAbb/AIB91hVXVAZNJTVWh6xTVIH/ACzBv/QjFvm68etbX9PopyVxzHk1GoVk81a2GKIbbFxccY9gvn/xCEjOqqwTyeY/Yw/9vOF9DhtVWavEIaM0jnQlxdUuHpb3cWj9gvnfxFP/AO+eqNL95YWguAtfHsvQw08Jh5/LzedJiPTlHZUfopuGFFuRYrteKSFLFrd0W9kEUre6na6LIItamGZypWFrk4Xrfhv4QS646DUeponRUJ9UVIfS6Ue7/ZvxyVja1aRuXRiw3z28aw4jpPw+6k64lDOmNJlrY920zOIjiB/7zg/a69Gh/wANOveWPxms0NNUf/khTyPz8HFx9F9Q6fpEOi6bQ0NPDHADFv2sBaGM4awAYHuum0mhiDC2ZglhcLGN2Qf/ACtHna3rp61OFipH3d/2fAXV/hb1D0ZGajUIIquhGPxVI4vY3/uBy37riiDfK/SHrLp3T6mmfJA0iOZhY5klnC4GWutzccH7L4T8T+kG9IdTSU9ILUFS0z0w/wAov6mfY/sVaZJ342c3J4ta0+pj9fhxX1SwE7JFdDyyS+E0WREeO6ZHynYp2QRtfhOydrcJqgsi2UJ/VNACHt3WHco73QD/ADBfskjpOh+qKDo7qyi1nWum6DquhpWubJpte0uhmBa4ZHuCQ4XBFxwthV9CazP0xU9ZUFE2fpH8e2hbqEIEUbal7A8wNie7zLNvtvaxtyuPYRck5XR9NaxqWk1NK/R9an0t9LVCrg3RCWGObbs81zCCCQwkXIOFFaVtDKGPkfG5jGC7nOFgB834XX9JdCU+s0Opal1FqsHT9HR001RQP1GkmNLq08G1z6OOdlhvINiGkuF+Pb7n6n/wi9K6B0pXdS6Frkj5dM01+oUzaiOOWllnjZ5jHuHBaXNBtkWPdfEHi91RqXVXV9bUatVRygyuqRR0ofHRUVRM1pnbTxEkNuWt3P5e4FxJU2unH6zrtZrtU2orpHiNjSykpfNe+KigLi5tPEHklsbb2Db8LVn9FI5JKjyqxIlF0d0jgqgKEfskoBMJJ9kD5QgIVUIQiyIEIQoBCaLrIFkICFiBBHshBVPY4Sun24SQCZ+Uk7poL7hRNwbtNip/uom4QJrwSQTYpnFvqokNfzgpB5Zh/HYoC9nZ9kmH81+bpk5afsoB2HfVQTBvchSBxdVjgAd1IZPwEE2/PKd+wSJt9UNH6q6EgLJo7KLig9N9+yiTwP3TJP2USccrraT3Ywo29kr5ynuzz2QM+xRaygcJ7v0UVO9spA5wFDcPdMOzm6Jtcw+tm33XnVc5jdRrGRYYJnBv0uvQo3AvbfDb5Xmk382aV173e43+61ZGdT8oyuZG38z3BrSPcmwX0R0dpTdJbQaRqjNrJIQYKiM2u/BuPY/HdeD9ORul6g0mFxaPMrImtc7gEuxf4uvonU6eRkTHU+5lXSStkdTudcskaeAe7TmxC8rlW6iHscCu5mz03RtPnpKgU1ZtkIG6J7BZs7fcA8O9wtzVsftEYJaz24WXQT0+rdMUdfROa+NwG6NzfVG+3PweVrKrUGkP8x248Erzp+2Xt4/un00NU+CGsq3XvIKYXJPAJXx31PV/j+otWqb/APMqpLfQGw/svpnW64tfrJpR5lVI9sMLG5c923j6C6+VJNxkk80ESh53++65v+69Ljxudy8nn6iOvyr90hg5QbgpA3Fwu54xuxa3up2yoHIH1VgHCBWU2tLnNY1pc5xsGtFyT7ALbdO9Naj1TXfhdIg3ubmWV2I4h7uP+nK966M8LaHp6WKdzXVuod6l4sGf9je391pyZq4odnH4mTPO/Ufly3hr4TSPnp9U6lhyPXDSkX2+zn/Px2X0NpcUUJBG1ob7hOmp2UlMLBoa0XJ9h7rInjbFGHscHCQG4HLV5lss3tuX0uDHTDXxq7swfxGkaXnyopHipp3Xu17SwM/S7SPgrCdWu0yRzJvSfa+OFw1F1BW6Hb8HUOaxkhkYzdhrjyR7X7jgo1rrjT6+Nr6xkkb23Ac1wBPv8H9F0RmrMJOG8T+YbzV9bMjxDDH+JnqAWCLneLfsBzfsvkTxv1yDVOpaakgkEr9OhcyZ4yC9xBP9l3nXnjLS6HTz0HSEYOpzsMc1Y9297GntuP8AYWC+dpJXyyPfK8ySPcXOc7JcTm6346zafKXlc3NFa/Tr8qyllSKXddTxC5TQhVAhCXf4QSSSUrYRSTv+qLJEqoBypYLndrBQvypNOCb8lQWNxa5uslmouoWPkiFtrcgG27tb7rF7p+UJWmN5s1/pva9r91FfVvUPjBT9DdP6R4JdX6n1Bq2jaSaem1+vpJTTSNcQXeVAXxeY6GMviBZIwOOxwFxZfO/XOhah0f1fr/T2rzOqqvStQmpXzvjMZnDXemXact3tIdY8XX0FReEFb15qlF1zNqTIdRdRNncyLRTUUs9ZTR7Y3y/h6yWVu4sjLnuY0F97tzY/NnUWp1+s65qmpa7WDUdVr6qSqrakNDRNNI7c9waAA0E9gABxYKRMSymJ01RNzgWUUcKJN1kwBCWU7pfSyKO6OU1HhEPiyPqEfCOUDQjKEAi3dCOU9ibJHMD2tdZrwA4e6ikhUMhH0QhQNHdFklQIsjsmgX+yEfVH0UCT90kIH90co+qFREtzhRvbnIU7/qkRdQVvbYXabj+yqJtuHe6tJsVU4erHdYiTTYX7n+ysHpblVNALh7BXNbm5VgSaL5KkMBI/qgnusgOd3UO4vwmbAXd9kg0uN3YHsoPTL/29lEu7covnJUC75XW0nuSJHYpF1+Me6ji3/lYyQnuAv3KAffAUL3FuyYdiwJsipHg5z9Ut3slf5wo3F/dVE3uDYpDfAYT+y86ab/Uru66ZsVDUOeQB5Thn3IsFwbf3WnJPpsq2OlMc7UaPyvzidhafkG/+i+lKid8cWn6/SF1RRkFtTE5t3RX/ADt+ndfPXSdEK7WoInEhoBcSOcL3HQdbqelq1tNqTd1JPYGXYHxvb7uHYjuvL5NfOYiHr8O304mZ9S9O0TWWRafINGYJKGY+ZuDwWt/1VFdUPMUkwYTsaXbB8LLZoelwMbUUelUtNI4bi6EvbvJzctvb9FmUtN+MJjewhjrg9iQvM393b3Kx9szVznStA+qglrHwt8szGZrrD1E2wF8l9VUR0zqfWqN4t+HrpmA+w3Ej+6/QCl0enotKho6CEQwxMDWNHIH1918Z+OmkDSPEfUrAbK6KKqbb3I2u/dq9TFeJv08flY5jF38PNQb8pEdwnsscfomw9u67Xj6RJsR9f3XYdEdCVvWNYNnmQafG60s7Rkn/ACt+Vb4e+H83Wuol0wfFpVO7+fI0ZkP+Rp9/c9gvrDpTp+j02mZSUdO2ARtAZExtgAuPPyPp/bHt6XF4vn99/TWdLdG0Wg0EdLRQNghFvSOSfdx7ldlFpkXlbmtAae6xaiZsFwSA0OsRfIKsGpmMAEgtccDuBZeT5Tady9341DJqaaOGFz9m+HZ/NaDctBwSPcHuAtOypkoXPp5bS0bv+RM117t7NJ9wsubUw1t2ut9+Fx/UXUx02GaSOaIFwJe54sLLOJ/DDuEepdYh0pr5Jw5rAN264svAesPEV2ovfDpQ2jIMw7D4Wq6361q+pqt7XVMksDTYlxw63sOwXHr0cPHj91nlcnm2/ZSTe4ucS4lxJuSTyopFAXoaeP7BCVsZTukgEWRZCikjshH0VQxjhBQi9kAflIm/CRQL9kCJ7CytjH8tv6qrarwy5wcYsgQtfKnv2kOaGkixs4XBt7pbLFXQUc9ZNHT0cElRPKdscUTS5zz7ADJPwg+htE621d/gTU9R9S/wnqGPS9f0/RaHS6nSKenjbTvp3vcTPTsjqAb/AJXCTBYTYk3HzvVVn42pln8ptOJHlzY2uLgwdmgm5sBgXJNhkle37Wf/AJpHlwtaZ3+JMAe7e4uIbpzj5e22C32H+ZeFlmy4f6COQRY/dTUbZTMolRV8dJUTxSTRQyPhjw+QN9LcXsTxxlRmhkp5HRTxvjkafU1wsR9lWKpJNCBITQEgLsj2QmqAIRZCACEIU2BCYR74UBZAv9E7JKh/dCEcIA4SugoCAx9EinZCoLIRb3SKgEIQgVkJo4QQOQqH4Nle4Kl/yp7Eohj6q4ZChG2wyrcAYVCUSdvyTwkXXw3/AOEAW+T7oJBubutdMkfRJRLgOOVB6OTjN8cKO7OQhxFzyq75uV17ajebKBdfB7pOdfhRJ+/3WO00s3YAJSByqi6/GUtxCC4uuOUt9vZUl3uoF1kGt6hmd5MMQvtkcXH5t/8AK57bZ2OF0upU34unObSRguZ+nC5dtS0/nG1ab++22vp1fRAkGoSvpwTPtDI7dnE8/a117X0bQs/9U0lPVTmd7I3PJJx5ls3+y8/8MNJZNTCr2FxfLcG/AGB/qu+hpG9Ja9QVNU5whknDnSznaAx3Pq72XnXvFrzV6lcdqYq2n09w/BXgaIgQAMD4VtDS+VIN7bC/PssugcKmmjfC5skbhua5puCO2VsYIg02djOF5MVmLdvbx26ZEgeKYGMXK+a/8RPReo6nTU+v0UPn/wAOY5lQxou7ynG+7H+UjPwV9PBjgwNaN+O2bKlkEQk8ySldVyFjmiJrd24OFjcccFddLamJW9K2pMW+X5xaXo2o6w/bptFNP/1AekfUrvNI8IqmphE2uVD4Gvj3xsprOOPzbieLe4X0JqXQGidFmpqpXNEcr3Gj0qNwMjbm9nOGA36ZssTSaN1YJpKsDfN6HOa0hrBkBrfZoW3JyrfHTzcXCp7ntvOiem6fQdFbBpNOyKKipmF8TzYuY7Jkv3ObkrcjUKeWrp2y7qasjdbc3hzfj5H9lr455abSabUQS19Oz8BqjBnYAfS8/AN2n4spyaS+eMVVI5rnss9pd7ewXFvyl6FaREdtlq0LKzzGystXsaC9gwJ4+z2/IWge4sG21229DvcLpta8oaPBWvk8ueDLX3tYnsfr7LhNc6jpYIHTFzKc23OBNgPopaupY1tpja5rcOn0zpJZAwNFze1gvnzrjq6fWvMZTudHS7rc5f8A+FmdUdUzdSVj44Hu/BRk5/zn/ZcPqtQ2R4iYfSzk/K7uPh7iZcPKz6rMRLX4tb2SJSATuvV+HhkUyki1kQWvyhNJAva6EIugEJXygoC6WeydvdNAgFK3shMIBov2XuXgl0b0zrOianrHWVV+Fp4tTMLHybRG1lPptVVPB9Re672RXAaMN/Nmy8OBAK2VFr+qabTfhqDUKiKkM34h1N5r/JMvluj3mO+3dse5u617OIvlSe4ZROpe0dW9C9A0PUOqaPRdesrqHSZooaWYaCZXztfDHI95ljka1wDnEW7WWtoOhOlKzUdOountd1fUderqlkGlwUejfh3y1JcAxoe+cBvNy5xAaASSvG6uabUJfNrpDNLta0uuRcNFh+gAH2UaWR1BN59GdkoY5oJu7BBB/Yn9VNTEG4fVlVrUklDXaFqXW876zp9n8N1XWtG0pj3azp7cyTQvl9T6mnkcY5HNDXPiBcXPC4GbSfCcyGVut6tUxkXZIaClD3fLtz73+F0WuajWaH/hH6JGkmOkDOtKl7Zmj1l4pZC244LSHPa4WsRa/wA/NckbHve97G73G5IaBn6KRHbKbQ+p/Dpnhv8Aw2vggFRV0VRWVId+Po4mCJjptNgDpCXeU1u18pDhuLWl5theGeKlbFX9ddTVLppJ9Qn13U5K1z2tI3GqftIe30uwP6QAMWwuOjnmp4pIoJpIopAQ9jD6XXFiCPp/ZRkmkneXzPdI88uJyVYiWMztA5sn2StymsmJITQoFZNH2QqBCaPa6SEnhLlNAccITHCEAhCEAhGO6ECT+6EIEUf2QkgaSeSkoBCEIBCEKhHPKolbfIVrljyFwPx7qSL2uDW5QSX/AA1Vstbc8/QKwH2B+6gYsBgfsnnFkxf3AUgy4yQMclWBANxk/omA0dlYfJa4gbpBi18fVNsrgB5bA3nJFybqjvC4/Cpc7JU3Ee1lS42PuuiWoOxeyjfGSguuqyffF1FTJyoPddRL7BVl/ZE6WOd3VZf+6iXqBflBaSXXbe9wQuTii8yURgepzto/Wy6YP+OFh6BReb1Abs8xsLy8t9yeB+61ZZ1G5bsUedoh7b0RpL6SnpxShp2Boc04GP8AdewU0DJaYBtPC4XDXQPZcH5Btay8+6fo3wyU7223BoHPpdheh0wmjczzI227jdcWXy9rTNtvsa4/GsQ67Q7w07Y3MZBawY2+PoAAuhipg8An09yThc3pzo7BzLN75W9FUI4wC8knJuVnE/lq6hnFrKaMyMO247Lm9Z1tlFTvkJ2hvPyjU9XZEJHvkuGgNAOAPheb69qUmpylu4iAO9LAT3Klsmm2keXtq6ysm1vUXzS3Lb+kNNyAun0ejhgYPxRd5D8Pt+Yg8kLE0fR2sYXSBwIALDwQb8LeiIsk3veT6sDbjIWqJ323zMa0bHVNFVfjKWKGpn2eXW00o/lajEMNkHbcRixte3Y8lPUN0sS/+kpmfhSS52lag/Y+mP8Aka8/mbyPVn5WFO4xAljvKAucuwP1XCdWdTQ6dSySVEkNmg+q/A/3W2Jmeocd4ifluurterJqN8nUdRpelabE/wAx0EM5fJKR+wXges6jXdd1xbRsdS6Qw2aSDd47Ej2+FZDFJ1jqDZal4/Ch12Ql+5zvki69X6b6RDBEwxbR2AFl0a+n3Ptorq/UennEHh0JqUMZNKXObgsP/hcD1R0dqHTEgdUNdLRyHaya1s+zh2K+wqXRqWkEkZawXF2i/Lvj6+y5nXen6LWIaumr4g+CVlyx5sXN7n6j3Wyua1J2mTi481eo7fIIxwjutlr+ku0LW67TZHFxpZSwOOCRyP2IWtXrVmJjb529ZpaayEWsjsgrJgiglMqJTYLoSR9VA8JkYFsKNwmCOAqouhF/ZA5UQ0wVGyY4VgSTvZRBTv7IGh2GG3sknbcAD3I/uivffEgOo/8ADf4XwFzfK1HU9TrYgBm0cUMBJ9vUX4+i8BJyV9BeMkjo/AnwMprbW/w/WKi1hnfWR7T+g/dfPp7p8oRwkhFkAUcBCEAiyEcqATST7Kg7oshNNBfsiyLIQNCL5RdAIQjlAIQhAgfdNHIQgX2sjKdklAfRF/flAygIEmhB5VAFHCkVGyCBIVJcC6xNlc5t1W6G/HIUEm7G8EEqW5v+b9lCJgP5grw23ZBDcDxc/ZSB/wCn9VKyaBDdbsE7FMC6ZGFfQ7UlUvdbCm7HP7Kl/Nlv216RL/ZVOcU3G11S43U2iTnlVl9ioueFEuQS3Jbs8qF7JEi6otDubnAC3/RNI19dHXXO2eVxaAM2YAL/AKlcpWb3U0nl3JtewXedGw7JKGndZhjhc77kAri5dtU09Hg03l29c0eR1OCGESMcf+XYEE83Hsu7oayOQsf+GfCA3LJOx+nZeZUT2RuG5pv32m113tJVgU7CJHuaALB5uvm5l9d/29utgqmt/K0bTkKNVXEg2fY3uTyuYbqRYx251iDbKgytfNtLn7hfFuFfLcNEY9z0ya2ve8vuLXPpsqdI046g8+a3a0fmvn7rMotJl1CoaIbOa4+p18BdPTaZ/D42yBo3C1yB7f5gtWplstqka+VFPp34OLbtDbC4IN1h1dSIRhg9gRiyydR1IZ23ae9uCuR1zW2U1OS94v2zk/QLZHTRMzPtouqepGUERALjI82a0ZLj2sF5q/pzU+pdSM2o+mKnHmSRuF2RjsHe7vheodL9FVGr6h/FuoGvhbt3U8Dm5APcjsVk+I9PVaZRUkuk/wAiipiTU7bZNxZzvcXXbg1Foj5cPJmfGdPPYenf/T9dE6gaw67UeqGGNgf+Gity4dnHtddX0V1u6un/AIfqsjnVYJa15a0CQA98ZcuepKyXUNdd1KH/AMIpWlrquoDi5shtlrO5uR9AsWrkbUVw12SIafvkElO0NzIWnFr9j3K9O+OLx4y8rHltjnyh7JI57ntBb5RGWnstRr1YG08ktms8s7y1vDTwbD2KjoevQ6vpTKgAtkNxMzddrXfBWh1SiruqZZqDTJjSxZZNVlu7YDy1o4c7+y8ma+NvGX0OO/lWJq+a+sdQbqfU2qVUZJY+azTe+AAP9For/wDwvY+qPAqfTqaSfQdRlrZYxd0FSxrXP99rh3+y8eljfE9zJGOjkYS1zHCxaRyCF7GHJW1dVl87ycWSl5tePaH1SuglIrocZXSuglRuoHfsUX+6ihA7phL+yaCVk+yje/dF02JXsi6X1TCB3+EBCBhXYdzdZ+j6XX63qlHp2iafW6pX1EoEVLQ0zp5pLeohrGgkkNa447ArXrouhdeo+nOqtO1HVZnwUcE0bpXMpTUO2B4LgGB7Lm1/6h9VB7P44sNN4ReEdEKHUonUOlVcNQ+o0+aBsU0lSHmNxc0DeWtLtt72zwQvnh2DZe/+IHin0jrfRsdN0prNWK0VrnS0c2n11CJIng3w2smp8bWC2wE4yLEn587C/PupE7llJ3SuhMDCrEk8WTAwiyoLIQnwgEWQhAcIvlHKPhA0W9kJlAkXsj6oT2BCByg5VAjui6FNhcHKLpoVQkWTKX3U2ot9UWsj/RBQCL/KEEKCJd8KPmAKZajagq834JSJceMK3bhMhBVAOVkWsoUNPLVT+TTs3vJ7my7Cj6DqZwTV11LSjGGh0h/aywtkrT90tlcdr/thyNkAH2Xqmn+FmlSEGp1avmbf1COFkX6EkrrKLw06Npg0O0uo1B45fVVr7E+21tlr/wARjbv8NkfP5kY02c9oPtuyt3o/Sev9RPazQdD1PUSe8FI4t/8A0jYfuvpHTaaj0h7f4To+macD6Wvp6Ngc0f8AcQXX+b910ml1NZUytbJPM6ED0sLyRe972KwnPHwzrxpme3zA54sqHvF0nP8AdUPflei86Dc/JVLnFJz/AJVRd7qKe/PKRddQ3WUbptE91kbrqBKAfuhpk07d88Y93DC7/puMnqGBgG0uY63txZcFp7rVUbiODdei9NNLtYpJYwCGHN+wXl823w9ngV3uXURVjZIohaz2Etcb4NiV0VJqgka1rewGBx9VxNUXU0zze480m4xa5vws7SqreXPeSC08XXia2+gmzsKytDI2iMhxcCfpmw/1K2elND4Yw/17iVxT9R/ETN/ysYGNAHGT/uu26WlFRZrITMLC7QbFv+4+Vn4unDrW3p2hNipdP9eB+Y3HdYNbVtrJXljntyRg8rVVusPhh8hjdhP9PBCVFNdm53wmtzpoyV7my2SiEr7GQtbbPoysYaHRxSid0fmvacOkaCR9B2W2ga+oeG08T5ZHGwZGwuJP2UXQhzN7yQ04+ixnpzREyrjqpHEAEhoNh3ssWtpI9QppIKpjZIpLtdG4XDgrpQynfeM722BsBc37ptJNiPynj3Su9rNI08p670SfTpIJtrTpsZDYI2N2sht/SfcFasbanVabU3Dz6KMh0rZzdkZLSCxnvbsvXdTp6Sto5ItQiE9O78zHHlebUmmV/VWuz0OnbaeGneI3Tsb/AC6aIdmt4LyD9uSvYx5/s1Pt4uXjTbJuPUrPD3Q67UDXUFE+SKkdUbp6g2HlMt+Uf9Z/YZ9l7DHo9Lp9LHBSxCCKEBrduSPn5Ky9F0Wj6d0yGi06Py44xxyXHuSe5Jzda/Uq57JC1jXFguXWyR9h2XHa3lbcvUxV+nWKwxdRhpa2CKpMAEe8xVbGOsIpA24cO9nDI+bhfLnjN0qyhmi1yna1rZ5PKqNosC612u/ZfSFVUuhppRSSgsqG+XMz/MAbgEdiDkH5XhvjVqFtAdSDiSojeAexF1sx3++NMuRSs4Z8ngxULo7nuo3yvYfKndRuglIH2UQyUJIVEkJKVkAE0wEWQMJgIHwi6B3Sv8IN0WuqFdLkqW3KLBQH1RYJpXt9VQ8IS3Wyo7kE0FV7/ZLfdBZdMFQBUgoGiyf0yEKhIQg8IGE1DlS/ZA0JDlF8Zwmg/oUu6V07oDj6JpdklBJK6SFQIuhCACEIQMJ3SsmgLoSsiygaRCaWFRm6NMYNQu3BLeV6JpAle5kjzfN7k9l5nS4rYrcnhejdM00uoSSUsUrmTMidMw3wS23pP1XHmiHbgmXaUdaDLBFZx3Ajda7b+31tlb6Cuhp54I5XEyS/lFrgD3PsFz9FC7/03+JIMcsVSamQWzzsP7FbjRPL/D0U87XyGoqnSPtHkxRsIADvYuJ/RccRWXdM2h12mUhnD5p3tjaXH1PG0W/0WPVdYUulVTabp2Fur1wcQ7bdzR9PdYb6GfqKzde1SHTqJgJZRQHcfje/i/wFXPpWu9ORxTdPGGaia+7tkDfNt3z3VpFd/dKXtfX2w+e3ux9FjPfdTkfa9ysZ7sr3Hheic5QuluyoF3yohkpblEm/dK9kVIlO6rundQbHTB5lUGj/ACkrttGqZaSRr4W+Y9vDfdcXog/4we20hd9okTTVxh5LWm9yOy8vmTqXtcGu6ti/VotQvvBjcMFp7FW0sojN2gEWysMwsGsTB35HjkDuFl1EIiwBkHBHdeV1D14mV+nO8ytkaHkEkWyu90eqNLCIPKYXtJtY3v8AIvx9lwGmAAiRrQZWuvZdHS605jxtBa8HjdgqzLppbUal6BQ073P82q5PAvhbxtn2DSGn9MrkdP1d8sbXuYQR23ALe01b5xtKyPI974WvbGZ3Lp9OmkpZw+mc6Pbf1NH57i1lOaKWngc5hsy9rbRgrV0GqxBzGFwbG/c1xLb7cWus01f42nYS6zWgNsG2vYWz+ivuF8dNeyO0lzbFyP8AUKM0jY75APFyeyjJKA8jg2WprIvxUvl2cWntfFvlWuoY2jylqdb1WorA6j0PbPI6RsTpv/txEnOe5AzZdxoWmUuiUjINPaY4mZLnWL5HHl7j3JK0NPDHTtp4og1sULvQwYAcf9Ss6XVHsYXcFnLfp2HytsSTTUOgqdR2RuDiCQLjbgrk3zVNRUF5qBK2wDXhm0i/vblKrq5Z3mOnduae5Hb3+FEyCKEGV/5RzfJ+EYa01mpVbKeOR7iGvIsccr5q8U+o26vqbKWnk8xkBLpCDcB3YD6D+67jxV67k06B9HRP21dQSA4O/Kzu5eDOduJLiSTkk9/ld/Hxf90vH5uf/sgibFJIlF+F6LxwjI5STGUDUgkAmAqh2UrIATQNFkBSH0VEbfunZNF0CQi9lEvsEEibKJcqnSqsyXU2L3SAYuoGS6pJJRtKgmX5SvlNsZwptjzlBGxKmB7qQYpWVEQpDCdkkDuEbkkIHdHKQ+UIH9U+3sofsmqHfjui+VG/ui+UErpEqN0rpsG88KQcSolF1BZdF8KF07oJdkrpXRdBIJqIKZcLC1790Egmobkw5USCajuCYKEmlZF7IVEoXbKumdfh69O6Wb+Gnoa5pds2lk1jxc4Nl5XJgBw7EFerdJyNFLEMPilb37HuuLkx9rs4vdno1JEKqV8QYGU9X6SR2JFrqGsU4pdO0SO7o2QVL4QeAAWnFvki6v0N4LPwsz9th+fbn4N/0S6ghqHR6cHneHVjC/2Dg0n+y8jHaYtEPZyUia7FOxpta+0n1LaaXXT0E29pe6M423Nvt7FUU8LWtdYWufdZkdN5m7ys7TgHldk2iepcvhMamHzFI45sVSSVJxuVUTf4Xty8GBuUScJEqJIUXRkpfulf7oQSuhRvlMH7oQ3OgtvU3+bL0DRheZt+wyuI6ciLn7hbm69A0eIl7nt7c27heLzLbtL3+DH2QlUxtGpB0DnBp4BzZbOqYDtYRk2sQFg7fMrw0c9vhbMxXmAkBxjC82Z6epEdpw0zNrcuZIO4NiFFwcx5c0NcRyTkpzPDHENvYC978/ZUh5L9wBIPcFY7lnLf6ZX3YPNdYm4OFnO1Y07CSSRcBotx91qKKlMkLntJ+3+6yqellFzMb/5bt5CaSsztsdN1je57JdzLuwb3tfOF0sXVTDD+HaQ57RYuZ+11w87oqWz3uHBO2+VRDXyTvtRjcL/m/pCyiG6bxPUvSKWR0+S71H9StxBTQte0SWDQAXeq5K85ptfk09gZMWveMk+337LYRdRPnAIBOcj3W2NQw/dPTs+oHR1Jl8tjY2loaA0AWsObfuuXnqXSMO55MhNnXH9XuPqrBWyThzpDlxva6w32dUAsve1jlZb3LdNYrVudPia2LzX2Do7EXPZcf111RBoOl1lTUP8AKMYOwEXLndgCO5Wy17XIdJopDLLsZG3cTfJ+PlfLXiB1dW9Uaw/8TuipKdxbBBfAH+Y+5K34qfUnTyOVnjHG2h1bVp9Y1CatqjeSR1wOwHYLFD7hUk3TBXrRGo0+dmZtO5W7kXUAUwVkxTB9kxyoXUgqiwcJgJBSCBhSS+iNyokCi91XvAVb5wPyoLy6yrdLa6xjK535f2TEUj8nAUE3TXUNznK1sAHKsEYHGU7GMGE8qbYlkBvsFKw9ldCkR/Cm1nawUxhGFQgAnb3TRdQFvuj/AGRfCFQWRZO6SBWRa6khBGyVlK6V0CtZRKClfGFAE+6X1QiyKL+yXKdvdFkQXRdACVkDv+qOUWRZAXuhFk7fSyikMITsnZVCGUwnZFkAmClZMC33QSui6jx9E1QnjBC7zomsDqVschuO3xlcGfqui6LntM+Jv5w7F1z548qS6MFvG8PddL3zxNiMgErR6HkY+D9Ffr+otihY+Q+WykkZI4OaTkgttcLQ6VWgvBlcIjf0u7H4Wbq1NVahRyvjka1kYMz4rXLttza68atYi8TL27Wnw1DoenXN1jTW1z49sZc5oBNjce/7LB05tRV9RwRPY6RkclnFoIAbbJK2nTU9Fp9DSwyVUMbqsebEHekkEceyyI+rI6HUK6OskaaUWbC9keb97n2W6JtFp8YYar4xNpfKzyqnFSc4qsn7L3nzgJUboJSRQhIpE3QSCkFAcrb6LoM+sTMbG5kMJkbGXve1t3ONgGhxG7/TusbWisbluw4cma0UxxuW+6bpz5DTbluV2+lja43FwMXXM6GxsI8vs30/phdVSt2nmwtlfPcm27S+k42PwjU/CkPEerRiTh9/vZdM6AsZuG4enc0hcjqbSXNkYDvYbg+66zTa11VpzBcAAZF1zT+3brjcW0wql5lILiC4dxyqagmKAOjFwB/TjCyqprQ4FmXf1FYtVIPL2DIuOFhCy3nT9Vvgj3AHPvytnWl8j7wAWPYcBaTRY2BmAWW/LjHyt35naEiQ/OLLKe+mEW0wm6fA8l9W9jiz+nuFc+ldUWbCwwxNwCcX+VlxaeTM0yl792bAC30uts2Jv5Gja0cLZWrG0tFDopa3eWgsbi1rgn5Pss6FrWG0kflOA/KRb9PhbJpdG3ZGW3IyO5WJNC+f0sIY4D8zuP8A39FW6lorHZ1U8VPSAsde/paO9/osJ1YaCB0013SOb6WklApYKZxdLIaiUZa4WDR9iLrmtZqpazewOdtA9Tr4t3AWyI205cv4cf1TrEmq1flh+6NpJdbi/svI+pIvL1Dd2e2/6YXomvajFTaxBRxAbGRWd7tcci/zZcL1XZ00Lh7uC9HFWazDw89ovEudQOUIXa85JO6jdF0RMFSB/VVgqYKItCkHW7lU7gEnP9ldi8v+VU6X2UA10nHHurGwgci5+U9ioF8h9IwrG0/d5urwhXShrQOABZSwkmiGEJI7Kh3sndRIynb3RTSTRZEL6J3QgDKACE8IQH7BCL2SLlQJ3UC7soF/tyoLC75UC5Q3E8IsSoHuSGVNrFLbb4V0qsBSsSeFOyLJpEbIspEd0lArZRZMJ2VEbe6NqkAnZBHbdOylyj6IIhqe1OyaCIapAJo/ugjybItZNCoLJWTQgiQsrQqgU+pNDrgO7jsVjqkSGGojkabWIIWFo3GmVZ1O3t2h1P4nY2Xa5rQbkttcD3Hut5Vao6goKpsWXzxGKOO1yHOwACuN6cqi5g3vD229IOL37reapN5cUdRsEr6aVkrWf5yDx+68ia/fqXtRbdNtrV1j6z+HaPT6bNJVwRBvlSNAc7H5i44a1S8jUafUWafJ+BfVOj8zyYpSTt4PqIscrqul9KbplH+JrSKivrP5lRI7m54aPYNGFj671a3TnCm02kjl1B35ZJYhaNg5JtyErl3bxrCWxfb5Wl8xuyqyfdTccFV4XtvCImxRdK6RVDJS5QpxRvmlZDA0vle4NY0dycBY712yrWbTqG/6S6Xm6o1NkF3wUbLmeoEZcGYJDbgYJtYX4uvauo6geFVRWafoNJp9p9OkojSalBFqLDT1MUbt29h8skkb2kEEWIcCCQt10l0zJ4c9LxazNotTTCGpdSQ19ZIKYSV8bfNI2B5cZGlvo3NDHN3A9l4prGvfxnWNQmjt5fmuddsbWB7y4uc7a0Ad+32Xk3vfLkjXw/QcXG436bwLTeYta0an57/HvrXyzdEhEMEcTSdsbQxpPJsLZXVU7gRz6u4XNaS3dE1wNh8LeRXwWGxC48/cvIwTqF1XHujc69lfokoaxwBIN+CVCYFzAR+UD1BYumSuirgw4D8Nv/Zc1fTotPy3Ej9zsjP1WJKDvAtcH4W7bRAt3k3DuCDwqhRbZt4bjkEYv9UjUJNtrKIPhjYGZNu63NC90VnSeq/2KKGkY6JpbEGuB5Btb7LYuiDWkutf/wB9lmw2tZVhzRgWP+YYWRC58jh6i32NhZYELthN/wAp7q+F+93Lrf5muA/UKwkb22L2hoOwAuPNrG6xJ5i4Bskj3bRi1h9lTU1m3ALzY8e61NTWySOAYwiO2X7h6fqD/osojaWnZVzjLdo2Adz3XEdT9S0miU7IYBuneQ0fHzZbHXNUFNDISd1weeSvK9cpqmoH46QmQvvujAywdl14qRM9uDPeaxqGp1V72anUPkcXuL9+4m5dfN1r+pHbmROH+a62OtX82B7sF8LSfrwtbq38yjDhyACvR/Dyvy0CLoPwo3W1pMlF7oDSVINA7ohtvhSukLngKbWDvkoIhrnfAVjIgPk/KmArG47KhBqlZMIVQWRb3TF0Khd07Y+6AmgVk0J39yoEnZP9kKhWRYJ9kuyAQUkIESldO2EW90EbqNyTwrNoRZQVbSmGKyyFRENtwFKw7IsmkAATskP3TvZAWHski6RTYMDlM8Isj5QIJot3R3TQaLJ8IQCChCAQhPlAd0JJ90ByUJcIQCXdNCBE8WVE4wD3V+FXKLt+VJHb9FakHsZBIGl35fV3Xpmm0DaqrpzNcspnbwCPzEcX/uvCNAq3UtZtuNrvde19I1/nNu8Fr3tDW7n7r/AvwvN5FJj7oerxrxb7ZehmcRUjXOcQD3XLt0yfUpNRqqeUbm1IjG4mxDWt4t8lbWSbzY4Y2Ak7m447rR9NdUNkOtQsivO2WapjJOJLkAC32XDhi0bmrty2puIs8Bcq7qR+FAr6N82LpIuo3UEl6L4N9Ofx3q2GaQDyqN8Zu5rdoc5wbucXkMAF7kvIFu685BuQvevAyCCli09zqeCrqaurfK2F1LBVOcAx20bJpo4+W2s692vNs2XPyLxWn83v/onGnPzI1H7e/wDJX4q6hDoNG+ho4aWlrWGakqH01Z5vmS7yJXlrZHsaTtA9J4DSvK9DaGRyvIv6x2+Fu/FDUp6rW4Keo8tjqaAB0cX5Yyc7QOwHAHYALA0eEx08It6nNuR7krkxVimKbfl6v6xnycjm/TtP7Y/v8tzpEmXNscOsPoujhb6f3XDvqZqSeQRfy3A+ptrgrrtL1GOrpWva4bwPUPYrmz45/dDzuPliJ8JbynjD2kOyO6tbp13tu0gDurqFjJGg3+q6CmpDtDtpLCB6jwfhcOpiXd5RMMKnaW7S4kBo2n6fKyIpGxvIlaTY+ocY9wst1Hw6K+2xtt/tZVTwt2ABpBIz8FWITbPgqYw5uyOznDFzyFkOex1i83AHBNrLQmo2MawuBI4AyR8fCl+OIvuuD/mCyiqS2cssQbeItsTa4zlVPrWwX9Qe48j2+q082rRtG0Xe76/3WsqtYgABdJe3LT2+62RTbVa8Q6B+qQRNBLHPDjYhtrrS6jr8Ed3+WY44x+Ykf3XI6r1pFTlzYGNdK7AAcVpWzzanI2WumdKL3bGDZjf91vjHMdy0Tl31DX9TdVS6pM+OmJZGTZz75I9h8J6Nqv4thpqp1pGj0n/P8LczUkU7S2WFkgt3asNmlUkD2SRwASNdcOv3XVFqePjpxzjy+fltz3UbQ2qia3AES1OoN/4F3/at71JAd0cw4A2laWr9VGR2LFupP2w5skavLmeSmLDKQFgmF0OVIXd8KYaO/wC6TR8qSIkApAJBSCqJDAUwEg35UwP2VBZPhMJq6CQnZFlQkJkJKB29uUJJqhlK6ElAcoQUXsqGkmVFQNCOyCgLoQhAIQn2VAEzZIXQgVk0dkAe2VNBBPujKaoX1QmhQIBCaFQIQhQCL9kIQHZCEIBCE0B+6RT4QMoaJCEImytZROQfZMqJ4KDHEhglD29ivTultQ3OYWjDRyTxheXVGSLLpekdRMcnluPqab/Zc+WvlDow28bPa5NVbR0ktRvAeyNzgN2eP3Wt6f0plKI6l73Oqg05Ata/P1WiqKsVEcUW65leL2ztY3JW6pqh7pNsbzf291wRXxr/ADel5eVo38PGSqypHn3UCvZeKSEJXUUzgF3wvqTwypY2+GlZWibUG0WjUETZ3UzoDTfiJ5cMmt/N2PaGtu2zmubcL5bcS4W5xYL6P8OY6KTo+s1WslZBU6fpMdTQuL42sD2P2WkcGbySHGzARc5JsFxcv9sPrv8Ahr/r3neuo/1ePdZynVuuK4PkdKHStiDnclrRYc54tzn3WwiYYnMxgYWu64ZHT9eaqKVzvLbUjyyeQLD5P9yr6SWSaMk8jhYTH/Jrpycm0xz8u/e2yqzLKY5qUjzWjbYjlv8AuqtJEv8AEnCdjjE9hbKNu24VT/Ne0bHmNzTiyRqK2mcWzuLgBdr2gG61U7jTmyxq3lp1TNIhoYX1VDX1NBLGC+Ml25lx7rsejOpTrMctPWwllVEA9z2eoOHv8Lyds8lQWukne4ty3ceD9F6L0NFSOiMsNVu1B+Htedm34B9vqrfHrHPl2wx5PLJHj07xr2nDSHNOdw91GWSMizvL475BWLHA+PzGklsjiCWkgEfRY84ka4ucTz/lXm67erMdMWukjffYLOty0Wdj5XO1sznXEMckjR3v/oV0BfEbuczB4IK5vX9XhpYXkSuJAsMfsumlXPe0uY1bVX0BcJXPjdxZvP8Adef6x1fUyyPipPSBy52T9lv6oy18zpJiTvOLrX9M9E1Otv6hnlpq80VLRTyCWlp2S7ZbhsW8Oe3bGXua1zxctBvYrtpFaxuzitXNmt4YomZ/gx9NMdfTQmc2lc383uflbqjc+hrGtkJLTYHGMrS02mS6dupKosfJDI4OLCS1dDBtromwuOyVjT5bhyfhZW1Pr01xW1LeNo1MN64AggWuPdUPy0XyFdTB0tPE54LXWsQecYVczQ25vdcfzp3fDSatEJYHNcOxt9VyldcU8YI4IBXZ1jbxnNlyNaQ+fy8fmFguvF+Hn541252uh/C1csVrBrsfRUNytt1FHaaGVo/M2xPuQVqGdl2TGnnx2tHZSAyohTaMqCYU2hRAVjRZZCQ+qkEgCphXSD5TuknwFQIQhBHhCd7o+igRQnbCVkAhCLIBCAkgaEf2QgOEimhAI7oQgYt34QldCBoSQgf1QgeyLe6AR7pJ/ogf3QkboyqGQi6Pqlwogv8AZNJNNKEk+yEAgBFkWRAMp8WQfhF1VCRKEroC+UXSTCgRyon6KdlEpoYs7UqKpNJUxycAHNvZWTcLFij86eOMf1uDf1KwmFh6RplWJJTIDezAG/C7TQC19S1xubC4Xmr91DUtcy3lOOPgjkLtenaxpla8G2OL2AXJmpqHfgvuXl5UTymVEleg84ikhCBg8L1Pw38ZNQ6blpNAl1Z+gaQ6llo6jVI6V9dNFHd0rGsgEkbXNMgAsSQNxdnheWD912fhZpFXqHWcNbp2rUuh1Gn2qIqqp05tbDEfy7nxODgWi/8AldkjHdacnj47s7+HPI+rFOPP3T056t6i1DqjXpNS1uo/FVtRZ00u0AuIHwuk0wAM3Xtcn9FsuvfD3TumZzqWia5LrlLLOP5jqQU2wvuSwsx6g699t2i4GOBqKJ2ymjAFz/5XJN6Wp9vp3ZuPyePyNciPunsTahJ+Jd5bvQ02se4W0iM1WwOo6osH+VwB2+65mpEkVQ/GCbtV1LWmnlbIw2PcHhw9k8ImI057ZJ8pizeNgeybyi0PlblxvgfdbzRYa6prfw+ihz6gep3k8D5J9lz1GI/MFS9klRC7O1vf4I7rr6DrdtBAYtP06aCQAbXOIYB/79lZvMRqPbXXFudz6eo6c+vpdLZHqsoq5WD1OcN4A9g611pdV1NjQWuPlt55z9lylP1jDSQySRudUahObzPa0taD7DtZc1qmvT1xc0u9Tj6iOw+q5PpTez0fqxjp23mqdR09HC4QudI84t8rlHOmriZ6sHy25a08J01A6qeH1BLYWZLj3+AtmGMd6pLNhbkN7krpikR1Dj+pafuso07SX1W+eUFsTG+pwF/oF1nS1PSUnTeuU749LfV6vBTNjlqaVklRSASOlYYJDIPLe+xDhtcSGhZctKINDELW+W+Zo3Hu1x/c2GbBbas1eDRujKqhoa6uDtQdBUVkY8sQiOnDn0gB5L3F5L2EAj02BXJnvudRL7H9D4sRW2a1d+ve/wCfxE+nk1bRfiq2pnaQXSTOc7d3F+yxGwSwvY7YY5BkA4V+mVBhAbIS83PJW9bsmY4OAIPI+FnW044iJeByYrnzWvHzMiB5kjDyCM3I+VXLxdZGxrGWj9IHblYkht7ZWMTudtcxqNS1tZcMPe646Rok1RvsMn7Lra03bg8LlogH1U7/APL6f9V24I3Z5vKmIq0mpVf4uWwbZjCQPcn3WDZbXU9Ke1z5qb1tOSzuFqQe3suyd77edCwD2U2iyqDlYCViq1oVgCqbyrWhZQiYClb2QELICSaOT3QBCX3TQgX0RZHdMoEhHZH2QJF0WQgE0kxyoEU+E0r275QBSKaSoEITsppCRyhH0RTCEIQARZNCoVke6eUkBjt/ZNCOeCoBLH3QjjuiGhCEUISsmqBNJCgf1SQgp2BFr/KEIgshCRVUE/KiXWQ44VT3WCgqlddX6JFv1WnP+VxefsFj27lbXpyAurZpLXDI7X9iVjHtXRTRtlYWPOD3HY+6qptRnpHOiDvLmY4AOaeR7hZHKxqyDzGb2AeZGCW/I9llkr5QUtNXOk3UTlNRKrAu6LosgIJDK6LpCrbpmsU1bM1romvDHtLSfSSLuwRkc8rRwwmRwH9K28DWRhpIw0cLTk1MeLr41rYslcke4fSGuQaP1V0XopgrWwz0lLU01fBPQVIj2ipLY5IDI9wuWyNkcxpDWi2QRnwCijnp3T0tQAJqZxa4A3uOxXpnhX4j1Ggy1unwMiqo67T5qKppJmtMdbSPu58TnHLCMne31GzRY8ja9adFyahVU2qadX6JqktVRsqWv0moa9rQWbjTzEBrGysa0uLQMD3K8uZ8Ph91lxR+oYYvSe+9d7mfzE9da+O5eR6hG2ajMjT6oz6geQsamqBBSub5bZPVfa4XutnXQvgfJHNG+J5G17JGFrh9QeFpCCwFt8jFl0YtWjT5LkxbFfvqWzh1B+za6nYWkctO1MuqnG8bQwfJJVFMOBawK3EFiz+a/gYxdbfCv4aYveflrN87m/znOcL22sxdbOmEdO1jmUhfIThshNj/ALoLP5jJZXMbEL7ci7z8BZsE9BPLEZqiWBrSSWmEnP1CvREWmdsr/iqsPFUxjdottYLNv9lt4dGkfQicN8umgcwzPvYMbuF8lal2qwUMz5aKQPBsN0rN3/6vZdFoOiV/WFdT09bPC2JziWxTziKFoa3deTaDsuPy3ByQO615MkUq9Lg/p+Xm5fGv9Z+Ib+hom9RamYTPp2n6ZTUs1RPV6lLIyDY1thGXRglpkN2NJ2k2O0k2C4LxP61qNTq6N1XUPrq50MDZHSRuGyBjB5UQ3WJDAS3cRudySbrpeq+qNK0rRaSlptHbSSMY6J5/HSzfiZWuD/MMZDQzgNcx1wCC5oC8N1Csmrqx9RO4ufI65JN/tdceHH9W259Pp/1XkU/TOPGCk/dMa7iNx+Z3G/f83XCnjqKdlTTO3RuFw4f2PyrKaqdEdsgz3U+iXMqdKq6exL4ajc7ONrhj9wQsrUdMMR3MHo97cLbePG01l8pjtNqReGU2VsgNjytfO6zyseCYxmzsW/dSqZLi97LGI02Wv0w6onafZc3TN9Mjh/8AckLlvayW1O918NBWojbaJn0XocaO5l5PKnoj8YXJVZDqqZ0f5S82suqmvsfs/MQbfC5Igg557rqu4ak0K5oVQVrStTNcxWtwq2qwfRZImOE0gE+yyCQmQolEBKLppFFCEd0DugSfIRbKAiD7IsndK3ugLIATQopZul3UrqKAQhPsgSYykccIVDKBhKyEPRg2R3wlbCL2UDATSun9VQXQj6pcqB2/RL6IKEAjshJA7oSQgaO+bpISBJCSaoEcoTQL5uhHdCA78JEpFIqCJyqnAEq6yha/1TQhb4XQaBCGUkkhwZJObdgFo3NsQV1GkRlumwX/AKgXfurWO0lmAFRcMZUuOFEraxcmeFA8qZUCVqZaBKB+yStgbvmY22LosNrSQbWNB+pVzuLDBIVm4eWAwW3cpOA3HH5Qube5dMR10Yc+mbDPC4slhcHNI7ZXqPQfiiaI11NUR0bqisaWysfSQltS4va4El7XWsR+Vgb9bYXmFS5rGCF2N4sCsB7DSD1jc53HwtFqRf29bh87Jwbbr3WfcT6fRWudJ6B1FTzV2lV1VTQRUdMGQajLTuq75ZM97YRgbwAzd6nFwJXnfVfhxrHT9a+Otp3U8jcbZ2uhdIMkOaHAXuPb491yOkde6vpNOKN0zqmhu4shkcbMcQBuaRYgiw/QL1HRvHsOdSQaxVPq4oYnwiHV4RWRbXlhcwb8MYTGwkNsSbm65fDJituH088j9L/VKRXJOrfxnU/561P9XnDtMrqQjzKaVlubjH6q6Rk1JC+omilZHG0vcQwmwHJXsFJ1709qDjPqGi6Rqk8tPUMu3V56c+c6RvlSiPcWny2Ex+XYNcAHErF1LVemHdMV7ajTJhXu0Wop3SR6nI+Ooq5L/wDEtaGgRiM3vFlrr2HFzlHJtvvX9/8A003/AOHsPhN8d51/+E7/AP2j/R4rP1PpsssDo4qkkCzjtADbnmy7Cg6T1WuqImwtc18hIbHGx0sjrDcfQwE4bn6XPZcJUdQdNt1CsmoujaaOln0f8LDBPqk8n4er8ljfxjHgg7vMa6QRuuz+YWkWAXr03j5PHHp5o66v/EU1HFT7tNJoHytbG5t5pIiDI873bnHkAe5XRmi0RHg8j9K/w1pvXk2iIj8zr/xMy3nT3RelxNirtZ1Wlioy4ujZTVTaqvqAHOY50cLdzImse0FzpCLMO4XwsTrTxIpYaSLTNAhFNTAyOioKedspjMjt07JJw1rpo3Ps5u/LbYwvM6zqzXdbaGtLqGAQxQkxABzmsbsaCRb+n0/QC6waWClpJHmvilqGOFyWyWN/n3XPXBa/7v8A+vX5H63xuPHjxI3PxOtRH9Pcz/GWJX1NTqNQ6o1GUy1DgAXHsP8AX6rW1DSA02xwugnrKUsLaSlawEWu4XIWoqWXYMZK76VisaiNPi+RnvnvN723M/LL6c1luiaiJZt34WZnlT7ew5Dvsf8AVelyNDgAHNe0i4cDcEEYIXkJYHRkOHbF12nRWr+dRu06oefOpvVFfvEe32P7FaM+PceUN/Ey6nwllahp3lO3sFx7LWS3DHNK6ipAdcjJI/Rc3XO2ueAues7dWSNNDWSXo5W++FS7GBgfClW3JDB3cFAr08EdbeRyJ3MKzcLndWjbFV3aLb27iPldE7OeAub1W762T2AAH6Ldf056sQFXNVTWlWtb8ZWpmuarW4VTQrWjhZQiYzwmEAo7myyNBK10+UuyBpICFAsJ8ISvdUP2t7pBGUWQPukmj2RCRhHtZBCikTdHvZM9rpe6ATyl2QgEJd00QIQi10UAJ2RZCoAhHKWUDz2R9Uu6DdEH04QgXQgExwj6JXUUJkWsj9UBUIJ2yhHCgXdMFH1SHdE9nf3TRZCKEuU0j9ECKSZ90shAcXIKiBymQgKgcPSV2FOwRU8MY/pjAsuVhbvljHu8f3XW3FzdZVhjJEKs5urCouWTFyJ91FMqJ+q1szV1KbTA+yoCtgNn/ZSfTKPbcwuuAD2OFcDubIb5WFC+w+VkMd6XEnm65/Toj8MjUG7ooJLYc1UTN/EU7HWzF6XfQ8FZzIfxOkMaw7nRtLh+vCwoy87xGLh7bH6LXWd9M8kTHf5YLoNxsBc/CjJp75DcjJW2iiAvcZHKuaHFxuLW+Fs21aamk0YVQLWuDXjlTqenZ4iAyVrwfckLZtY9kjZGCxH7rbx7KtrXPu0jDrG9kiTTjGaI9jtr2B39lvtN0osuZYtrfotnUCN38uB2/ae3B+6GmVzRG59gPhVIjS5xjibtZa1sLBma57wGjlZTowLFxt7XRPTh7d123wQO/wB0idExuGIdNnYze6Iln/Tn+y1r2ufKGhpz+y2Jklo7vikLSPYqguknPmTfnd34Nlmw6Yz6Z0cL5XtsGbf3NlSJZdNnjrqc7ZIndu47hbupDItHfG9/rqaiJrAfZpu77cLS1oNXI5sY2tF3BoWPtl+3Uw9Cjq46qljngJLJGhzb+y02ot9VxzbhYHSlaXw1NG43LP5sfq7HkfqtnX5BK4rV8baerW/1KbctPYz2/wAoVTirJCDNIR72VZyvTxRqjx89t3lW65XPVbhLVSubwXLN1Kse1/kxnbj1ELWAgK2n4a4hJrcqYaog3Uw4LFmk0fCsGFFpCkiJJ3uo3TWQaSEIDtwhP6JEoEUcox2QohcJ/KLo5VUk+6SEDRdJH0UD7pJ3R9FQkIRwgEIQgOUI/uhQNCSaoLoISTsgPjuhJF/ZQMI+qEr5QCEdsoQCOyEIBMcd0IQH1QhFlQ0WQhQLKLfoglAQFkrY4Uku3sgX1STuhBdSO21VO48CRv8AddXcFxHuVxwfsLXD+lwOPquxt6r35ys6sZBCrdg+wUzzhRd7rNi5AqJTJUe61MwCrIsO+bKq6sjNn5Un0sT22EbztBvycrJbYxO3fZYLTYWKtMhttHwueXREug0Vx8qzstJ4VNZAaSre2PAPqHwsVr5YKWIxvcx+48LKqKz8UKd5AEgBa6wwtPjMX3Dom0Tj8Z9m2c+glh3NwflZkbN/HfhYrdtwHWBPBWTEHMcTcHb2WbT2PLe6ZzIz6R2VcE4gqnQSjaDw6ylBUCF7nkHcSbNVVQwVDJnSuDC4XF/f2WemuJbcuiYdrpGh/t7qxrG4x6uOFoaGrEMoFQRttYbltWSb6jdC4uib2BwVNMosypKa7tzhuz78qdJQvc65ADnngZwn+PIHqh9IHHCx6vWp2gtihDG4GBgj2V2Sumo47OkmF8gNb2K1j5IY3PdKBbtY4Vc1RVVG587yHHhowGrX/h3XvJ7+6yhhYVNS/Uahr7ehg2xC2QP906QEOMtrWdn6LJdKIGbaUWc4gudbP0Sp3bJZmyjnCJDX6bOKDU4n7sCQscD3Yf8A5XV1zv5fGQLLi5x/Nka0eoro6yqDqNj2ixfG04+QtOSu9OrBbUTDTg/mN73cSg5CLWAHskThd9Y1WIefad2mWur6BtU4Oa7ZIBYk8FaOaN9PJskFnc/VdS5aPVbPqWj/ACtspaPkhgBxU9xSDLdk7LWySa44VrX/AHVQHCtaPdBaCpBRaLqYwsgWQlhF/ZVATbCV00kUIuj6ouoGl9EIVAhCEBZCEfRAXTv7ZSCFA7pIQmwFJNCAQhCoEXQOPZF1AIQhJAhCD8IBI8poQCYSTsgEfITA90reyA4RdHKLZVDNvqkB+qaEAgoQoD6qIwmSl3QHKfCEIF7JHlBKhflAOP2XV0E3n0UD75LbH6jC5G5XQ6A/dSSsOdkmPuFaz2ktvz8qDu1lIfVJxwtjBxpUb2TUVrZnym05UUBBs4rSw3PI5U4Ibu9XbhYUMpYCB3V0U7mcdlz2iYl0VtHy2TJxMHQvFnA+lVM3NeL4LT3WPI/172G27IssoyiSTdbkC/1WMRpbT5MwPD7HcdwWfDKLWJBBFjb2WrYASCMErKiO11+/+iJts4Y2FwIbYgWCrrKd19zW3ItcFViqDfSAXniys/GFzg2UbbgAZwna9SxR5bAdwLfh7f2us/SWO8suGNx/ZUmVpc4C+2+A7hEVY2KQB2G37CybNRDbGAWG5zW/UrGdHtPFx+qsLW1UTZw4CGLkF2SfgLEkqZnkEO8prbnGCVlpPJB/oOQAFjPkDyWx2IvkqJnL3Ev4HythS0NLG0S6hNtLgC2FrgHG/BPsr6T36YYAhhdIBd7htj+PcqFBs3zMl/y4usyjkFXUzNDfQGWa0DDWrSxzeU4kHnCnvpda7Y9TGI61wvcAcBZjpL0dLH7Ri6wHX3yOvcu5Psshh3Bo9mhIjymIInx3KTrkn2ULc/Cnz9VFwx8rtcipy0upM21Nx3bdbpxWp1Q/zIz8FYW9LVhDIRtyo3TBWpmY+VNpA7qu/ZAzzhUXCSxwmHEqLArAgQuVJOyFQkvomg8KhJoSsoGhCEB9UrZTT+yoVkJ2SKAQhCgErppFA0JfKfKBI5+EeyPogLkYQBdFvhAQHCaAhUCEBPH1UCshBR2QAUlHgqQwqgRdLjshFHCaVkIGg8oByi3ugEDKX1RyoGonlNCbEcp8oQgD+9lS/lXFVOyURBb7p4ktqR7FpWhXQ9Ox/wDDVD8ZkDfsAlfZLbpFOyRW7bBxZUbp8JFaWwX+UwophVFjcKwHHuqQVZdYzG1iVrXnAWTHJY/Cwgc5V0ZN/kLVMNkS2bX3sQSslkg5cQD7ErAiu9me/sttp8bHsd5jGvI435BWEzFY22VrNp0UdRGT6mhjux5VjntkcGgi49lUat0cpEtPTutjZsx9ldOyn8qKoiicxrzYsbLwfuruE0k19iQ6xupt2H81jf3UYn0jo7TxzQuAuHseHX+oKPLhex745pNjMucYeP3RIlkencCC0gcZyovvLjLj2AF7qqnMYkAe6WQHgRsGfueFaaiUXjjtE0nIA9X0JVT+aL2ClsZA0zH8sYNw35P+yrEAZV+XKRu3EOKs1BsdPVSCIkNNrfVUSPcL1DhZ73XjYeb/AOY/Ce11qWbJLHp9O+Knt58ot/2j3K0LhaTayxI7rLcbMvcukcS57j7rVTS5dtNr/wBlIjTO1vINJebDucrMi/KT7lYcALgSBj8oK2AAaAAt2ON221XnVS5+FE/spKJC6HMrPdavVhdsVvchbNxPZazVPyR/UrG3plHtrbWCXHKkMpbbLTpmBzlMYUbJhBc0qwfCpafZWg3VErovm6Leyf8AZUF0fCOErKgQgm2EKA7IQn2ygED3KaX91Q0sI7oJ7IA/CSLpe91A+UEKKkgEk+QkgLoOMIv2QgPbKfylZNAIGU0rKgQmEKA+ySlz9EDHCBBA5QfkoVASknYIsoC6OUAYQgf0QkL900B9Uvuixukgd7pqKd02BJO90iqETlVuy5SPKj3vZQJwwt/0/IDTzsHIkBP3C0LlnaLUiCta1xsyX0H49kjqSXUccpG33UrdvZIgrawcOeEkIWpmEwkmFUSCmohSQStflNpsgJ7b5WNo62yqyI5rd7FbCKuO20btruxWn4x3V0b7YIWmYiW2LTDYzPcZLyEFxF7hWNm3RBj/AMo9lQxzZC3dyFlRO2HBGecKdL3vcLoZGtfE9hu4XBa+O4/8rcfxaWWCeB7YRE2I2Ibt5HFlphYm9827YWRA8RO3Na0u49Td1/1UnU+1jcejjlbGYXi7tpBI+yukkE8+8s8wOdfy2m36nsseZzXuLnAAn/K0C/6KUFdFANpBcDzZN/hlFd9TKyoczzXyykvJNw0YaB7fKwXT+c8OebDhRqql1ZJ5cIsy9z8KAZaM3Od1lYYz/BGrqNrS1vHuteIjI0nOeFkOgknfYDhRdKIXFkYEjhzb3VY/zZccTWFgbY7Bf7q1w7KFO0iJpeLOIuQpnj2XZSvjDnvPlKPZQd8qZ55VZWTD0rdj4Wt1Q+iP6lbF3stfqYvGw+zlhb0yhrmoKQCdlqZkkApWsU2hA2hXD5VYICmHX4QTRwoi5TVDJSQghAIQmVQDCAEIugd0JIJQK6CUr8JXU9BougJoEmUucpoEEBP6IQKydkBF1QZumkhA7oRjujHZQ2Xsn7I7o45QK6fdAS/ugfdCLpIH9EFL6oQMIQjhA0cIRygSSfKDzhFJIG100uDj7ogumlzwjuqIuGbpKZyFAqBON1DcWuu38wNwpFRHN1B2tPUCeCOUf1tufr3VpyFp9CmDqaSI33MdcfQrb3W2O4Yz04ZCP3S5WtkaYUVIIJBWDsqxwptVRYFMKsK0D2Se4InROTaLcFNgsb9vlXPiA9TMtPIXP6btbThkNxhZ0UgeLNAB+XWWHT2dtBGbrL8xrdwDG3He11jLOI/iuHmHDWAn4N1IsqGi5sz2ubLFdKTYk3PxhRLnSWGQN3cpqTcNiaZzRuqJW25weVhSyU7HG+4j6qt977XEuI/qvdUBgc83vb4F1NT+WW4+IZsdQxzNkYs3kgDlDiS4jgE3sVhSsdCbt3tPb3WO51RIfW8taf1KziGu07ZtTWNpw6OJ25xGLLGooHvmaScHLiVUYttieStrSRGNl3XL3Z+gWyldy12n5ZBN7EqDvopnhQK65c6BNjwoHjhTJVZPHdYyyQI+6wdRF4b+zlmuNlqq6o3uMbfyjlYSsMIYT5QUWC1szCeSi3wi2UBb3VgwoKYQWdr/ALI5SBCfbFlkDhH6oSUPQ/2TSCFQISuglAEpJlJQH2QiyYwgMp2QhUCSaFAIQDlFrhUgFCRRjsgaaSFAf3QhCoPlO10kKAQDfKOyEDv8pIQgPohIpqhgoST4z2UDCSaXZAI90WR29kCSTS+qBoSundAjwkUyUroIEKPdSc5IC6DZaHLsrdl7CRhH35XR3+Fy2nnbW05GD5guuota6zr6Yy4kpFCFgyNMcJBMKokFY1QGVNvKIm0K1qraFa1UMi4wsuPaGAnOMqhqmBYEDg/3Wu9d+m2llzY2vd/LvY/qmInNPpIJ+VUwkHHKyRI423jcPhadTDPcT7Tgpg8OMvPY+yyH0wiYHBnOBfurKbypQNwDs/cLLqWgwgseTsHdYTPem6K9bhpW+YHEGOwPHwpxUj7NDQS4/bKyInOJc7cL2spOe5hHrIHxhbGruUZ6NlO5wkDTI3BzchYroWkGR5tG39z7LIkdGc8n2CoF6h1j+RvZWsb6S3XyrpoPMf5srcDgLPNsqIAAAtayOF11r4w5rTsFVkqXuoG97LNiifYKtxVhUHd8rGVVuXPvJD3X5vlb8rX19O17HyNFntF7jutdoZRLW7k93sqASpA2WtnpeHKV7rHupB2EF4t7KQCpDrqwFVFiajdSBV2AlCRRdA7qKEKA5RykT7ICoO6kEk7fCA4KEEICBpFNK+UDSPCPhO6KEIuEiUhDSQj3QMJpXshUCPsjsl91FO6EuEXRDCErpoBBKEIDthHZA/dBBBs4WKARfCEDsmgJoSRTSTwl3TaBJCf7oEb900IQRKje11K6gEC5Kkleyju9lBlURtW03/8AUb/ddUcLm9Jg82tjdy2P1u/0/ddIbkX5WdUs4kp90v7oWIakFFSCqpNVjVABTaEYrB+isCraFaOVRY1XNCqaFewHCyQiwg3GbeyyobOt3UAEjG4HdGdrh291rtTfcM4szWxWIc30kdwttTQiohDw6zx+Y2wtRBMXna8Dd7XWwiDomn0O2ng3Ayua8b6+XRjmaz/BdVtYNjLtuXZDRZYEkYLzYLLjADvMks0AYvyVRUVW5pihALu7yOFaVlnktE9te8XftbgdyrWtDbbRYIDQOOEZvldta6hw2tMydrfKXCCcJWsFkwJQJUsWxhRJRUVW72KsPCrcVjKq3c3KxK02p3+5wsxywqwjyiDjKxlYabbbBSt7KyRtioAZK0swf/YQAVIBSsqpNCtb8KACsH0siJBSuoXT+iyDuhHshQI8JJlJUCkkE00BMfRHCaBXTH6pFK90Er+yX3sjlJA0fukhFCdkk7ohI7JjKEB9E0k0BnshKyOECQpONzjCV0CTRZNAIuhCaBnsldCPugaXdNCARdF0v3QCOLXQEwihCFEm3KIaR+eFEvUN5JwgkSO5US8D8qLXTDfhQQyVL8oUjZgN1Fgzvf8AZFZ+kPMNWC42bINhHt7LpSb5C5KAl0zCP8wt+q6x5uTbhZ1YWcWkEzwg/wCqxZGOVIcqI5THKQx2sCm3lQarGqiYVrRlVtVrVdixg91kRji6oYsiPgLKEXNCnZRb+VTHCrHZFoccgFNt24a54Hte6CpDhJiJ9rEzCze5x9b3H7pJf1J90jUel3M+wEvuhN3KyYfKJRdL+lLuEAbKBKl2Kg7hCO0XH2KgSrHdlW7hYstK3fRaqsk3TFp/K3C2r+Vp6v8A+pesJlYjUqnWc3JVYameEDlYM0gLIQkgLhF0kDhBMKwY5VTVYrHcCRQl7oCIL5RcH6pIRUgpWCgE28/dVjs+LovdJMKQyBshJ3KRUDuhAQr7AfhK+EyonlBJF1E8lBQM/RF/lJHcpsTHKCkOVIoFdLnnhCEUE3KFEcqSIYt9EwkOQpdkCQm3kJKpsvohNB4WKhCQTV2BCEJoIlImyO5UVAFxUclM8KQ7oIBimGgcp9kwibKwQhHsqqDxuc0KJ9RsOBypnv8ARQj/ACn6lQbHS6fzqlmPSz1H/RdBwOFq9F4m/wDwVtOyzj0xs//Z', 1);

--
-- Índices para tablas volcadas
--

--
-- Indices de la tabla `cargo`
--
ALTER TABLE `cargo`
  ADD PRIMARY KEY (`idCargo`);

--
-- Indices de la tabla `chats`
--
ALTER TABLE `chats`
  ADD PRIMARY KEY (`idchats`);

--
-- Indices de la tabla `chats_has_personas`
--
ALTER TABLE `chats_has_personas`
  ADD PRIMARY KEY (`chats_idchats`,`personas_numero_telefono`),
  ADD KEY `fk_chats_has_personas_personas1_idx` (`personas_numero_telefono`),
  ADD KEY `fk_chats_has_personas_chats1_idx` (`chats_idchats`);

--
-- Indices de la tabla `mensajes`
--
ALTER TABLE `mensajes`
  ADD PRIMARY KEY (`idmensajes`),
  ADD KEY `fk_mensajes_chats1_idx` (`chats_idchats`),
  ADD KEY `fk_mensajes_personas1_idx` (`personas_numero_telefono`);

--
-- Indices de la tabla `personas`
--
ALTER TABLE `personas`
  ADD PRIMARY KEY (`numero_telefono`),
  ADD KEY `fk_personas_Cargo_idx` (`Cargo_idCargo`);

--
-- AUTO_INCREMENT de las tablas volcadas
--

--
-- AUTO_INCREMENT de la tabla `cargo`
--
ALTER TABLE `cargo`
  MODIFY `idCargo` int(11) NOT NULL AUTO_INCREMENT, AUTO_INCREMENT=5;

--
-- AUTO_INCREMENT de la tabla `chats`
--
ALTER TABLE `chats`
  MODIFY `idchats` int(11) NOT NULL AUTO_INCREMENT, AUTO_INCREMENT=3;

--
-- AUTO_INCREMENT de la tabla `mensajes`
--
ALTER TABLE `mensajes`
  MODIFY `idmensajes` int(11) NOT NULL AUTO_INCREMENT, AUTO_INCREMENT=11;

--
-- Restricciones para tablas volcadas
--

--
-- Filtros para la tabla `chats_has_personas`
--
ALTER TABLE `chats_has_personas`
  ADD CONSTRAINT `fk_chats_has_personas_chats1` FOREIGN KEY (`chats_idchats`) REFERENCES `chats` (`idchats`) ON DELETE NO ACTION ON UPDATE NO ACTION,
  ADD CONSTRAINT `fk_chats_has_personas_personas1` FOREIGN KEY (`personas_numero_telefono`) REFERENCES `personas` (`numero_telefono`) ON DELETE NO ACTION ON UPDATE NO ACTION;

--
-- Filtros para la tabla `mensajes`
--
ALTER TABLE `mensajes`
  ADD CONSTRAINT `fk_mensajes_chats1` FOREIGN KEY (`chats_idchats`) REFERENCES `chats` (`idchats`) ON DELETE NO ACTION ON UPDATE NO ACTION,
  ADD CONSTRAINT `fk_mensajes_personas1` FOREIGN KEY (`personas_numero_telefono`) REFERENCES `personas` (`numero_telefono`) ON DELETE NO ACTION ON UPDATE NO ACTION;

--
-- Filtros para la tabla `personas`
--
ALTER TABLE `personas`
  ADD CONSTRAINT `fk_personas_Cargo` FOREIGN KEY (`Cargo_idCargo`) REFERENCES `cargo` (`idCargo`) ON DELETE NO ACTION ON UPDATE NO ACTION;
COMMIT;

/*!40101 SET CHARACTER_SET_CLIENT=@OLD_CHARACTER_SET_CLIENT */;
/*!40101 SET CHARACTER_SET_RESULTS=@OLD_CHARACTER_SET_RESULTS */;
/*!40101 SET COLLATION_CONNECTION=@OLD_COLLATION_CONNECTION */;
